gap_length,probe_idx,probe_barcode,name,count_gap,gene,count_0bp,counts_per_0bp
0,1,2,ANO10 c.799A>G,32463,ANO10,23869.0,1.3600485986006954
0,4,3,APC c.4350,14144,APC,14020.0,1.0088445078459343
0,10,3,BRAF c.1800,24451,BRAF,13.0,1880.8461538461538
0,25,4,FBXW7 c.1396,9425,FBXW7,0.0,inf
0,28,4,FMR1 c.415,26906,FMR1,10466.0,2.570800687941907
0,29,1,GLB1 c.1824G>C,17474,GLB1,43141.0,0.40504392573190234
0,30,2,GNAS c.605,356087,GNAS,203961.0,1.7458582768274327
0,35,4,JAK2 c.1849G>T,2114,JAK2,0.0,inf
0,41,2,LMTK2 c.3852A>G,13974,LMTK2,11068.0,1.2625587278641128
0,44,2,MDN1 c.2603,99566,MDN1,77981.0,1.276798194431977
0,53,4,NRAS c.35,80805,NRAS,116739.0,0.6921851309331072
0,54,4,PARP9 c.1444A>G,23242,PARP9,38421.0,0.6049295957939669
0,66,4,PTEN c.698,31402,PTEN,65001.0,0.48310025999600004
0,72,4,SF3B1 c.1875,167959,SF3B1,148469.0,1.1312731950777604
0,76,1,SLC39A11 c.168T>C,19424,SLC39A11,12008.0,1.6175882744836776
0,81,3,TP53 c.1026,41542,TP53,34654.0,1.1987649333410284
0,83,2,TP53 c.407insC,32887,TP53,43441.0,0.7570497916714625
0,85,4,TP53 c.821,50813,TP53,47565.0,1.0682855040470935
0,94,1,ZNF609 c.2601C>T,8390,ZNF609,76024.0,0.11035988635167841
1,2,1,APC c.2628,8814,APC,11790.0,0.7475826972010178
1,3,4,APC c.3342,10851,APC,15627.0,0.694375119984642
1,6,2,AR c.2106,155,AR,270.0,0.5740740740740741
1,18,3,COX10 c.683,662,COX10,23414.0,0.028273682412231996
1,24,1,ERBB2 c.2266,1493,ERBB2,38.0,39.28947368421053
1,26,1,FGFR3 c.1119,16563,FGFR3,351.0,47.18803418803419
1,33,3,INPPL1 c.211,32816,INPPL1,70897.0,0.462868668631959
1,36,3,KIF20B c.4945A>G,23951,KIF20B,16763.0,1.4288015271729404
1,37,1,KMT2C c.8685,30144,KMT2C,11574.0,2.6044582685329187
1,39,1,KRAS c.39,1616,KRAS,0.0,inf
1,49,3,MSH6 c.1172,51615,MSH6,73704.0,0.7003012048192772
1,56,3,PIK3CA c.1259,23901,PIK3CA,39259.0,0.6088030770014519
1,58,3,PIK3CA c.1637,31829,PIK3CA,39259.0,0.8107440332153136
1,60,2,PIK3CA c.266,13232,PIK3CA,47383.0,0.279256273346981
1,61,3,PIK3CA c.2909,30777,PIK3CA,39259.0,0.7839476298428386
1,64,1,PLCB3 c.707A>G,43602,PLCB3,8702.0,5.010572282233969
1,65,4,PTEN c.390,41583,PTEN,65001.0,0.6397286195596991
1,71,1,SETD5 c.4131C>T,12967,SETD5,73673.0,0.1760074925685122
1,75,4,SLC23A2 c.1417G>A,9607,SLC23A2,10810.0,0.8887141535615171
1,76,2,SLC39A11 c.168T>C,16300,SLC39A11,12719.0,1.2815472914537307
1,77,4,SMAD4 c.1086,39429,SMAD4,477.0,82.66037735849056
1,88,4,TTC19 c.575,39565,TTC19,7362.0,5.374218962238523
1,90,2,U2AF1 c.103,380177,U2AF1,513056.0,0.7410048805588474
1,92,3,XPO1 c.1712,221177,XPO1,309579.0,0.7144444552117554
2,7,2,ARFGEF2 c.1294A>G,33557,ARFGEF2,8724.0,3.8465153599266393
2,12,2,C15orf39 c.355,42970,C15orf39,125446.0,0.34253782504025637
2,13,2,CCDC88C c.3372,9160,CCDC88C,12709.0,0.7207490754583367
2,17,1,COPG1 c.663,17505,COPG1,56455.0,0.3100699672305376
2,34,2,INSR c.1650G>A,2299,INSR,4821.0,0.47687201825347436
2,46,1,MGA c.3808T>C,29459,MGA,30533.0,0.96482494350375
2,51,2,NCBP1 c.1428G>A,27614,NCBP1,61044.0,0.4523622305222462
2,55,2,PIK3CA c.1039,11150,PIK3CA,47383.0,0.23531646371061352
2,57,4,PIK3CA c.1359,24053,PIK3CA,50290.0,0.4782859415390734
2,67,2,QSOX2 c.376A>G,12618,QSOX2,12390.0,1.018401937046005
2,76,4,SLC39A11 c.168T>C,34671,SLC39A11,14785.0,2.3450118363205954
2,86,1,TP53 c.919,29576,TP53,38012.0,0.7780700831316426
3,0,3,AKAP9 c.1389G>T,22875,AKAP9,15839.0,1.4442199633815267
3,5,3,APC c.650,14356,APC,14020.0,1.023965763195435
3,8,4,ARID4A c.2761,7429,ARID4A,11331.0,0.6556349836731091
3,9,2,BCR-ABL c.70,5432,BCR-ABL,0.0,inf
3,11,2,BRD9 c.66,1517,BRD9,58441.0,0.025957803596789925
3,16,3,CEP350 c.4336A>G,19826,CEP350,31820.0,0.6230672532998114
3,19,3,CTNNB1 c.123,154305,CTNNB1,171770.0,0.8983233393491297
3,22,4,ERAP1 c.1540,8557,ERAP1,38878.0,0.22009877051288645
3,23,2,ERBB2 c.2034,277,ERBB2,36.0,7.694444444444445
3,27,2,FGFR3 c.748,2541,FGFR3,314.0,8.09235668789809
3,31,4,HTT c.8157G>A,28135,HTT,28831.0,0.975859318095106
3,32,2,IDH2 c.522,39212,IDH2,104557.0,0.37502988800367265
3,38,4,KRAS c.186,36824,KRAS,0.0,inf
3,40,4,LATS1 c.1591C>T,38895,LATS1,41518.0,0.9368225829760586
3,42,3,MADD c.1440T>C,31305,MADD,53480.0,0.5853590127150337
3,43,1,MCM10 c.2004,21511,MCM10,14533.0,1.4801486272620932
3,45,2,MFSD12 c.1202G>T,21006,MFSD12,35663.0,0.5890138238510501
3,47,3,MKI67 c.8158A>C,50649,MKI67,183974.0,0.27530520617043713
3,48,4,MON1A c.501T>C,12856,MON1A,18719.0,0.6867888241893264
3,50,4,MYD88 c.801,37929,MYD88,0.0,inf
3,52,2,NRAS c.184,91195,NRAS,105131.0,0.8674415728947694
3,53,1,NRAS c.35,87476,NRAS,103046.0,0.8489024319236069
3,59,1,PIK3CA c.2178,13637,PIK3CA,45971.0,0.2966435361423506
3,62,3,PIK3CA c.3145,9175,PIK3CA,39259.0,0.23370437351944778
3,63,1,PIK3CA c.356,4313,PIK3CA,45971.0,0.09382001696721846
3,68,3,RNF216 c.1896,20249,RNF216,4876.0,4.15278917145201
3,69,1,SACS c.7497C>T,18895,SACS,2711.0,6.9697528587237185
3,70,1,SBNO1 c.627G>A,71844,SBNO1,83691.0,0.8584435602394522
3,73,4,SF3B1 c.2000,96238,SF3B1,148469.0,0.6482026550997178
3,74,3,SF3B1 c.2100,46747,SF3B1,102506.0,0.4560415975650206
3,78,1,SPN c.879C>T,91604,SPN,70433.0,1.3005835332869535
3,79,3,TAF1B c.1386G>T,13690,TAF1B,25822.0,0.5301680737355743
3,80,3,TBC1D13 c.66,26190,TBC1D13,14674.0,1.7847894234700832
3,82,3,TP53 c.330,3334,TP53,34654.0,0.0962082299301668
3,84,2,TP53 c.742C>T,38388,TP53,43441.0,0.8836813148868581
3,87,3,TRAPPC11 c.2370,6523,TRAPPC11,24382.0,0.26753342629808874
3,89,3,TTF2 c.382G>A,20278,TTF2,32737.0,0.619421449735773
3,91,2,USP24 c.4029,39410,USP24,76610.0,0.5144237044772223
3,93,1,ZKSCAN5 c.1566A>G,7897,ZKSCAN5,18051.0,0.43748268793972633
4,1,4,ANO10 c.799A>G,34027,ANO10,21092.0,1.6132656931538023
4,3,2,APC c.3342,13142,APC,14656.0,0.8966975982532751
4,4,4,APC c.4350,11524,APC,15627.0,0.7374416074742433
4,6,4,AR c.2106,111,AR,270.0,0.4111111111111111
4,8,3,ARID4A c.2761,6520,ARID4A,10488.0,0.6216628527841342
4,10,2,BRAF c.1800,19251,BRAF,22.0,875.0454545454545
4,11,1,BRD9 c.66,365,BRD9,47648.0,0.007660342511752854
4,16,4,CEP350 c.4336A>G,24571,CEP350,41044.0,0.5986502290225124
4,17,3,COPG1 c.663,19596,COPG1,61723.0,0.31748294800965604
4,26,3,FGFR3 c.1119,13594,FGFR3,256.0,53.1015625
4,39,3,KRAS c.39,1604,KRAS,0.0,inf
4,40,3,LATS1 c.1591C>T,34358,LATS1,35662.0,0.9634344680612417
4,43,4,MCM10 c.2004,17374,MCM10,17933.0,0.9688284168850723
4,45,4,MFSD12 c.1202G>T,22773,MFSD12,37163.0,0.6127869117132632
4,50,3,MYD88 c.801,25631,MYD88,0.0,inf
4,54,1,PARP9 c.1444A>G,23541,PARP9,37341.0,0.6304330360729493
4,58,2,PIK3CA c.1637,22370,PIK3CA,47383.0,0.47211025051178696
4,61,1,PIK3CA c.2909,10937,PIK3CA,45971.0,0.23791085684453242
4,64,3,PLCB3 c.707A>G,1518,PLCB3,11864.0,0.12795010114632502
4,65,3,PTEN c.390,20003,PTEN,53580.0,0.3733296005972378
4,67,4,QSOX2 c.376A>G,18788,QSOX2,14336.0,1.310546875
4,73,2,SF3B1 c.2000,45874,SF3B1,144389.0,0.3177111829848534
4,81,4,TP53 c.1026,25948,TP53,47565.0,0.5455271733417428
5,0,1,AKAP9 c.1389G>T,20859,AKAP9,11331.0,1.8408790045009267
5,18,2,COX10 c.683,320,COX10,23353.0,0.013702736265147947
5,21,4,EGFR c.2576,1,EGFR,2.0,0.5
5,28,3,FMR1 c.415,19689,FMR1,10631.0,1.8520364970369674
5,32,4,IDH2 c.522,4293,IDH2,102314.0,0.04195906718533143
5,38,3,KRAS c.186,12742,KRAS,0.0,inf
5,41,1,LMTK2 c.3852A>G,6787,LMTK2,8085.0,0.8394557823129252
5,44,3,MDN1 c.2603,54907,MDN1,71899.0,0.7636684793947065
5,52,3,NRAS c.184,77394,NRAS,80235.0,0.9645915124322303
5,59,4,PIK3CA c.2178,26352,PIK3CA,50290.0,0.5240007953867568
5,66,1,PTEN c.698,4530,PTEN,58517.0,0.07741340123382949
5,71,2,SETD5 c.4131C>T,13320,SETD5,95391.0,0.13963581469949995
5,74,1,SF3B1 c.2100,105610,SF3B1,128452.0,0.8221748201662878
5,75,2,SLC23A2 c.1417G>A,5904,SLC23A2,11928.0,0.4949698189134809
5,78,4,SPN c.879C>T,80062,SPN,77876.0,1.0280702655503622
5,80,2,TBC1D13 c.66,11307,TBC1D13,16558.0,0.6828723275757942
5,86,2,TP53 c.919,25192,TP53,43441.0,0.5799129854285122
5,87,1,TRAPPC11 c.2370,1165,TRAPPC11,24712.0,0.04714308837811589
5,88,2,TTC19 c.575,13991,TTC19,5919.0,2.3637438756546714
5,92,2,XPO1 c.1712,25952,XPO1,427626.0,0.06068854559825642
6,9,4,BCR-ABL c.70,20667,BCR-ABL,0.0,inf
6,19,1,CTNNB1 c.123,64835,CTNNB1,186353.0,0.3479149785621911
6,22,3,ERAP1 c.1540,14201,ERAP1,35949.0,0.3950318506773485
6,24,4,ERBB2 c.2266,1616,ERBB2,26.0,62.15384615384615
6,29,4,GLB1 c.1824G>C,16204,GLB1,53336.0,0.3038098095095245
6,33,2,INPPL1 c.211,35894,INPPL1,86821.0,0.41342532336646665
6,34,4,INSR c.1650G>A,1788,INSR,4601.0,0.3886111714844599
6,37,2,KMT2C c.8685,27117,KMT2C,15936.0,1.7016189759036144
6,48,3,MON1A c.501T>C,3649,MON1A,18717.0,0.19495645669712028
6,51,3,NCBP1 c.1428G>A,3558,NCBP1,66250.0,0.053705660377358494
6,53,3,NRAS c.35,39304,NRAS,80235.0,0.48986103321493113
6,60,4,PIK3CA c.266,11391,PIK3CA,50290.0,0.2265062636707099
6,62,1,PIK3CA c.3145,9167,PIK3CA,45971.0,0.19940832263818495
6,70,2,SBNO1 c.627G>A,109791,SBNO1,83392.0,1.3165651381427474
6,79,2,TAF1B c.1386G>T,613,TAF1B,34922.0,0.01755340473054235
6,83,1,TP53 c.407insC,3725,TP53,38012.0,0.09799536988319478
6,85,3,TP53 c.821,29789,TP53,34654.0,0.8596121659837248
6,89,1,TTF2 c.382G>A,7774,TTF2,30417.0,0.2555807607587862
6,90,4,U2AF1 c.103,169293,U2AF1,589971.0,0.2869513925260733
7,2,4,APC c.2628,8806,APC,15627.0,0.5635118704805785
7,5,2,APC c.650,16555,APC,14656.0,1.1295715065502183
7,7,4,ARFGEF2 c.1294A>G,16724,ARFGEF2,7473.0,2.237923190151211
7,12,1,C15orf39 c.355,3750,C15orf39,118759.0,0.031576554197997625
7,13,3,CCDC88C c.3372,6235,CCDC88C,15946.0,0.39100714912830803
7,23,1,ERBB2 c.2034,319,ERBB2,38.0,8.394736842105264
7,25,2,FBXW7 c.1396,1940,FBXW7,0.0,inf
7,27,4,FGFR3 c.748,121,FGFR3,312.0,0.38782051282051283
7,30,1,GNAS c.605,71860,GNAS,189205.0,0.3797996881689173
7,31,2,HTT c.8157G>A,23684,HTT,27789.0,0.85227967900968
7,35,2,JAK2 c.1849G>T,36,JAK2,0.0,inf
7,36,2,KIF20B c.4945A>G,23290,KIF20B,15575.0,1.4953451043338684
7,42,4,MADD c.1440T>C,10600,MADD,52003.0,0.20383439416956714
7,46,4,MGA c.3808T>C,22374,MGA,31521.0,0.7098125059484154
7,47,2,MKI67 c.8158A>C,48353,MKI67,227347.0,0.2126836949684843
7,49,1,MSH6 c.1172,26242,MSH6,77047.0,0.34059729775331943
7,55,3,PIK3CA c.1039,1859,PIK3CA,39259.0,0.04735219949565705
7,56,2,PIK3CA c.1259,9150,PIK3CA,47383.0,0.19310723255175907
7,57,3,PIK3CA c.1359,18698,PIK3CA,39259.0,0.47627295651952417
7,63,4,PIK3CA c.356,10643,PIK3CA,50290.0,0.21163253131835355
7,68,1,RNF216 c.1896,23504,RNF216,4194.0,5.604196471149261
7,69,3,SACS c.7497C>T,10675,SACS,3173.0,3.364323983611724
7,72,3,SF3B1 c.1875,32070,SF3B1,102506.0,0.3128597350399001
7,76,3,SLC39A11 c.168T>C,4603,SLC39A11,12431.0,0.37028396750060333
7,77,3,SMAD4 c.1086,15298,SMAD4,380.0,40.257894736842104
7,82,4,TP53 c.330,6,TP53,47565.0,0.0001261431725007884
7,83,1,TP53 c.407insC,125,TP53,38012.0,0.003288435230979691
7,83,4,TP53 c.407insC,8145,TP53,47565.0,0.17123935666982024
7,84,3,TP53 c.742C>T,21315,TP53,34654.0,0.6150805101864143
7,91,1,USP24 c.4029,11595,USP24,68264.0,0.1698552677838978
7,93,3,ZKSCAN5 c.1566A>G,3772,ZKSCAN5,16598.0,0.2272562959392698
7,94,4,ZNF609 c.2601C>T,4689,ZNF609,86781.0,0.05403256473191136
8,0,4,AKAP9 c.1389G>T,23400,AKAP9,14807.0,1.5803336259877085
8,8,1,ARID4A c.2761,3902,ARID4A,7825.0,0.4986581469648562
8,13,1,CCDC88C c.3372,2255,CCDC88C,10704.0,0.21066890881913303
8,18,1,COX10 c.683,179,COX10,22505.0,0.007953788047100644
8,26,4,FGFR3 c.1119,5657,FGFR3,312.0,18.131410256410255
8,27,1,FGFR3 c.748,12,FGFR3,351.0,0.03418803418803419
8,31,1,HTT c.8157G>A,14880,HTT,27547.0,0.5401677133626166
8,32,1,IDH2 c.522,1180,IDH2,101796.0,0.011591811073126646
8,34,1,INSR c.1650G>A,4120,INSR,4797.0,0.8588701271628101
8,44,4,MDN1 c.2603,55824,MDN1,76465.0,0.7300595043483947
8,51,1,NCBP1 c.1428G>A,3285,NCBP1,30799.0,0.10665930712036105
8,53,2,NRAS c.35,63092,NRAS,105131.0,0.6001274600260628
8,54,3,PARP9 c.1444A>G,5477,PARP9,40498.0,0.13524124648130773
8,55,1,PIK3CA c.1039,177,PIK3CA,45971.0,0.003850253420634748
8,62,4,PIK3CA c.3145,3645,PIK3CA,50290.0,0.07247961821435674
8,69,4,SACS c.7497C>T,6712,SACS,3019.0,2.2232527326929445
8,70,4,SBNO1 c.627G>A,83366,SBNO1,90618.0,0.9199717495420336
8,74,4,SF3B1 c.2100,93478,SF3B1,148469.0,0.6296129158275465
8,83,4,TP53 c.407insC,358,TP53,47565.0,0.007526542625880374
9,3,1,APC c.3342,5274,APC,11790.0,0.44732824427480916
9,4,1,APC c.4350,5756,APC,11790.0,0.48821034775233246
9,5,4,APC c.650,13242,APC,15627.0,0.8473795354194663
9,12,3,C15orf39 c.355,8567,C15orf39,105259.0,0.08138971489373831
9,19,4,CTNNB1 c.123,54480,CTNNB1,173422.0,0.31414699403766533
9,22,2,ERAP1 c.1540,5615,ERAP1,42302.0,0.13273604084913243
9,28,2,FMR1 c.415,6015,FMR1,10569.0,0.5691172296338348
9,37,3,KMT2C c.8685,28796,KMT2C,15927.0,1.8079989954165883
9,41,3,LMTK2 c.3852A>G,2252,LMTK2,9491.0,0.23727742071436098
9,59,3,PIK3CA c.2178,19286,PIK3CA,39259.0,0.49125041391782776
9,67,1,QSOX2 c.376A>G,4830,QSOX2,9096.0,0.5310026385224275
9,71,3,SETD5 c.4131C>T,9814,SETD5,87259.0,0.11246977389151835
9,84,1,TP53 c.742C>T,217,TP53,38012.0,0.0057087235609807425
9,87,4,TRAPPC11 c.2370,773,TRAPPC11,28762.0,0.02687573882205688
10,1,1,ANO10 c.799A>G,4027,ANO10,23010.0,0.17501086484137332
10,6,1,AR c.2106,17,AR,227.0,0.07488986784140969
10,7,3,ARFGEF2 c.1294A>G,21153,ARFGEF2,8073.0,2.6202155332590116
10,10,4,BRAF c.1800,8423,BRAF,27.0,311.962962962963
10,11,3,BRD9 c.66,266,BRD9,50280.0,0.005290373906125696
10,24,2,ERBB2 c.2266,646,ERBB2,36.0,17.944444444444443
10,25,3,FBXW7 c.1396,2244,FBXW7,0.0,inf
10,33,1,INPPL1 c.211,11376,INPPL1,78410.0,0.14508353526335926
10,38,1,KRAS c.186,28507,KRAS,0.0,inf
10,39,2,KRAS c.39,783,KRAS,0.0,inf
10,43,3,MCM10 c.2004,7840,MCM10,14476.0,0.5415860735009671
10,45,3,MFSD12 c.1202G>T,13451,MFSD12,30191.0,0.4455301248716505
10,47,4,MKI67 c.8158A>C,43717,MKI67,245186.0,0.17830137120390235
10,48,1,MON1A c.501T>C,547,MON1A,17475.0,0.03130185979971388
10,50,2,MYD88 c.801,2525,MYD88,0.0,inf
10,56,1,PIK3CA c.1259,6630,PIK3CA,45971.0,0.14422135694242022
10,65,1,PTEN c.390,9590,PTEN,58517.0,0.16388399952150656
10,77,1,SMAD4 c.1086,28912,SMAD4,368.0,78.56521739130434
10,78,3,SPN c.879C>T,33165,SPN,68961.0,0.4809240005220342
10,81,1,TP53 c.1026,4574,TP53,38012.0,0.12033042197200884
10,85,2,TP53 c.821,10917,TP53,43441.0,0.25130636955871183
10,86,3,TP53 c.919,19158,TP53,34654.0,0.5528366133779651
10,88,1,TTC19 c.575,6627,TTC19,4939.0,1.3417695889856247
10,89,4,TTF2 c.382G>A,12153,TTF2,37979.0,0.3199926275046736
10,90,3,U2AF1 c.103,62283,U2AF1,357713.0,0.17411444370207402
10,94,3,ZNF609 c.2601C>T,5099,ZNF609,75940.0,0.06714511456412958
11,2,2,APC c.2628,7661,APC,14656.0,0.5227210698689956
11,9,1,BCR-ABL c.70,13682,BCR-ABL,0.0,inf
11,16,1,CEP350 c.4336A>G,61,CEP350,38536.0,0.0015829354369939796
11,17,4,COPG1 c.663,467,COPG1,71863.0,0.006498476267342026
11,20,4,EGFR c.2372,1,EGFR,2.0,0.5
11,23,4,ERBB2 c.2034,326,ERBB2,26.0,12.538461538461538
11,29,3,GLB1 c.1824G>C,2601,GLB1,47012.0,0.05532629966816983
11,30,4,GNAS c.605,8303,GNAS,139242.0,0.059629996696399075
11,35,1,JAK2 c.1849G>T,2,JAK2,0.0,inf
11,36,4,KIF20B c.4945A>G,15351,KIF20B,14449.0,1.0624264654993425
11,40,2,LATS1 c.1591C>T,18685,LATS1,25383.0,0.7361226017413229
11,42,1,MADD c.1440T>C,25918,MADD,50501.0,0.5132175600483159
11,46,2,MGA c.3808T>C,14807,MGA,29347.0,0.5045490169352915
11,49,2,MSH6 c.1172,47604,MSH6,88982.0,0.5349846036277
11,52,4,NRAS c.184,63087,NRAS,116739.0,0.5404106596767148
11,57,1,PIK3CA c.1359,396,PIK3CA,45971.0,0.008614126297013334
11,58,4,PIK3CA c.1637,12223,PIK3CA,50290.0,0.24305030821236825
11,60,3,PIK3CA c.266,4006,PIK3CA,39259.0,0.10204029649252401
11,61,2,PIK3CA c.2909,5,PIK3CA,47383.0,0.0001055230778971361
11,63,2,PIK3CA c.356,17039,PIK3CA,47383.0,0.3596015448578604
11,64,4,PLCB3 c.707A>G,2749,PLCB3,11940.0,0.23023450586264657
11,66,3,PTEN c.698,446,PTEN,53580.0,0.008324001493094438
11,68,2,RNF216 c.1896,15657,RNF216,4850.0,3.2282474226804125
11,72,2,SF3B1 c.1875,18632,SF3B1,144389.0,0.12904030085394316
11,73,3,SF3B1 c.2000,59418,SF3B1,102506.0,0.5796538739195755
11,75,3,SLC23A2 c.1417G>A,1643,SLC23A2,10073.0,0.1631093020947086
11,79,1,TAF1B c.1386G>T,4257,TAF1B,27744.0,0.1534385813148789
11,80,1,TBC1D13 c.66,7675,TBC1D13,14061.0,0.5458360002844748
11,82,1,TP53 c.330,5,TP53,38012.0,0.00013153740923918763
11,91,4,USP24 c.4029,6,USP24,69082.0,8.685330476824644e-05
11,92,4,XPO1 c.1712,91409,XPO1,360288.0,0.2537109201527667
11,93,4,ZKSCAN5 c.1566A>G,3172,ZKSCAN5,22258.0,0.14251055800161738
12,8,2,ARID4A c.2761,5160,ARID4A,10102.0,0.5107899425856266
12,32,3,IDH2 c.522,74,IDH2,98052.0,0.0007547015869130665
12,39,4,KRAS c.39,167,KRAS,0.0,inf
12,59,2,PIK3CA c.2178,11606,PIK3CA,47383.0,0.24494016841483232
12,84,4,TP53 c.742C>T,39,TP53,47565.0,0.0008199306212551246
12,94,2,ZNF609 c.2601C>T,12238,ZNF609,81908.0,0.14941153489280656
13,24,3,ERBB2 c.2266,462,ERBB2,42.0,11.0
13,38,2,KRAS c.186,19950,KRAS,0.0,inf
13,44,1,MDN1 c.2603,7246,MDN1,68147.0,0.10632896532495928
13,45,1,MFSD12 c.1202G>T,2395,MFSD12,35789.0,0.06692000335298555
13,57,2,PIK3CA c.1359,7691,PIK3CA,47383.0,0.16231559842137475
13,58,1,PIK3CA c.1637,2826,PIK3CA,45971.0,0.061473537665049705
13,78,2,SPN c.879C>T,13726,SPN,82951.0,0.1654711817820159
13,83,3,TP53 c.407insC,486,TP53,34654.0,0.014024355052807757
14,0,2,AKAP9 c.1389G>T,15418,AKAP9,14103.0,1.0932425725023045
14,7,1,ARFGEF2 c.1294A>G,16483,ARFGEF2,8000.0,2.060375
14,28,1,FMR1 c.415,8527,FMR1,11244.0,0.7583600142298115
14,33,4,INPPL1 c.211,3507,INPPL1,84841.0,0.04133614643863227
14,36,1,KIF20B c.4945A>G,15015,KIF20B,11091.0,1.3538003786854207
14,68,4,RNF216 c.1896,6809,RNF216,4957.0,1.3736130724228364
14,74,2,SF3B1 c.2100,24979,SF3B1,144389.0,0.17299794305660404
14,80,4,TBC1D13 c.66,4837,TBC1D13,16112.0,0.3002110228401192
14,82,2,TP53 c.330,1,TP53,43441.0,2.3019727906816143e-05
14,83,3,TP53 c.407insC,82,TP53,34654.0,0.002366249206440815
14,88,3,TTC19 c.575,4832,TTC19,7777.0,0.6213192747846213
14,90,1,U2AF1 c.103,798,U2AF1,401264.0,0.00198871565851908
14,93,2,ZKSCAN5 c.1566A>G,2512,ZKSCAN5,18236.0,0.13774950647071726
15,30,3,GNAS c.605,552,GNAS,159030.0,0.00347104319939634
15,46,3,MGA c.3808T>C,7238,MGA,32467.0,0.22293405611852035
15,52,1,NRAS c.184,8060,NRAS,103046.0,0.07821749509927606
15,69,2,SACS c.7497C>T,1495,SACS,2597.0,0.5756642279553331
15,70,3,SBNO1 c.627G>A,47311,SBNO1,92945.0,0.5090214643068481
15,77,2,SMAD4 c.1086,6626,SMAD4,434.0,15.267281105990783
16,1,3,ANO10 c.799A>G,13,ANO10,18130.0,0.0007170435741864314
16,2,3,APC c.2628,3651,APC,14020.0,0.26041369472182596
16,23,3,ERBB2 c.2034,80,ERBB2,42.0,1.9047619047619047
16,26,2,FGFR3 c.1119,130,FGFR3,314.0,0.4140127388535032
16,29,2,GLB1 c.1824G>C,286,GLB1,46061.0,0.006209157421679946
16,31,3,HTT c.8157G>A,6869,HTT,26914.0,0.25522033142602363
16,47,1,MKI67 c.8158A>C,10998,MKI67,220678.0,0.04983731953343786
16,50,1,MYD88 c.801,446,MYD88,0.0,inf
16,51,4,NCBP1 c.1428G>A,311,NCBP1,73963.0,0.00420480510525533
16,60,1,PIK3CA c.266,5372,PIK3CA,45971.0,0.11685627895847382
16,89,2,TTF2 c.382G>A,2852,TTF2,38586.0,0.07391281812056186
16,91,3,USP24 c.4029,2,USP24,60555.0,3.302782594335728e-05
17,12,4,C15orf39 c.355,32,C15orf39,126412.0,0.0002531405246337373
17,18,4,COX10 c.683,6,COX10,27083.0,0.00022154118819923938
17,22,1,ERAP1 c.1540,425,ERAP1,32943.0,0.012901071547825032
17,41,4,LMTK2 c.3852A>G,95,LMTK2,10015.0,0.009485771342985522
17,55,4,PIK3CA c.1039,72,PIK3CA,50290.0,0.0014316961622588985
17,56,4,PIK3CA c.1259,7131,PIK3CA,50290.0,0.14179757407039173
17,63,3,PIK3CA c.356,2540,PIK3CA,39259.0,0.06469854046205965
17,66,2,PTEN c.698,61,PTEN,71483.0,0.0008533497474924107
17,67,3,QSOX2 c.376A>G,2356,QSOX2,11131.0,0.21166112658341568
18,3,3,APC c.3342,5934,APC,14020.0,0.4232524964336662
18,4,2,APC c.4350,5087,APC,14656.0,0.3470933406113537
18,5,1,APC c.650,6122,APC,11790.0,0.519253604749788
18,25,1,FBXW7 c.1396,57,FBXW7,0.0,inf
18,37,4,KMT2C c.8685,5853,KMT2C,18117.0,0.32306673290279847
18,40,1,LATS1 c.1591C>T,92,LATS1,32845.0,0.0028010351651697367
18,48,2,MON1A c.501T>C,1,MON1A,18613.0,5.3725890506635145e-05
18,54,2,PARP9 c.1444A>G,21,PARP9,42885.0,0.0004896817068905211
18,64,2,PLCB3 c.707A>G,12,PLCB3,9743.0,0.0012316534948167916
18,71,4,SETD5 c.4131C>T,2116,SETD5,81843.0,0.025854379727038353
19,11,4,BRD9 c.66,2,BRD9,58676.0,3.408548639989093e-05
19,73,1,SF3B1 c.2000,17010,SF3B1,128452.0,0.13242300625914738
19,92,1,XPO1 c.1712,43895,XPO1,340731.0,0.12882596535096602
20,9,3,BCR-ABL c.70,1658,BCR-ABL,0.0,inf
20,10,1,BRAF c.1800,3621,BRAF,17.0,213.0
20,16,2,CEP350 c.4336A>G,1,CEP350,38950.0,2.5673940949935817e-05
20,17,2,COPG1 c.663,19,COPG1,61170.0,0.0003106097760340036
20,19,2,CTNNB1 c.123,4,CTNNB1,190928.0,2.0950305874465768e-05
20,34,3,INSR c.1650G>A,7,INSR,4208.0,0.0016634980988593155
20,35,3,JAK2 c.1849G>T,4458,JAK2,0.0,inf
20,42,2,MADD c.1440T>C,1827,MADD,48714.0,0.03750461879541816
20,43,2,MCM10 c.2004,2913,MCM10,14715.0,0.1979612640163099
20,49,4,MSH6 c.1172,96,MSH6,81704.0,0.0011749730735337316
20,61,4,PIK3CA c.2909,2179,PIK3CA,50290.0,0.04332869357725194
20,62,2,PIK3CA c.3145,16,PIK3CA,47383.0,0.00033767384927083555
20,65,2,PTEN c.390,2940,PTEN,71483.0,0.041128659961109634
20,72,1,SF3B1 c.1875,326,SF3B1,128452.0,0.002537912994737334
20,79,4,TAF1B c.1386G>T,2758,TAF1B,33065.0,0.08341146227128383
20,81,2,TP53 c.1026,184,TP53,43441.0,0.00423562993485417
20,85,1,TP53 c.821,496,TP53,38012.0,0.013048510996527412
20,86,4,TP53 c.919,174,TP53,47565.0,0.0036581520025228634
20,87,2,TRAPPC11 c.2370,4,TRAPPC11,20926.0,0.00019114976584153686
