name,p_alt_given_mutated,p_ref_given_wt,prop_genotyped,mean_counts,n_cells,gene,0bp_count,mean_0bp_count,gapfill_count,efficiency,gap_length,overlaps_within_set,overlaps_with_flex
BCR-ABL,1.0,0.0,0.3351937984496124,2.6968475452196383,9675.0,BCR-ABL,,,26092.0,,,1,1
PIK3CA c.1636C>A,,0.9998998146571156,0.7913178294573643,2.063359173126615,9675.0,PIK3CA,41085.0,4.246511627906977,19963.0,0.48589509553364973,4.0,1,0
INPPL1 c.209G>A,,0.9998899889988999,0.5511111111111111,0.9395348837209302,9675.0,INPPL1,87009.0,8.993178294573644,9090.0,0.1044719511774644,5.0,1,0
PIK3CA c.2908G>A,,1.0,0.7485271317829457,1.8497157622739018,9675.0,PIK3CA,41085.0,4.246511627906977,17896.0,0.4355847632956067,3.0,1,0
MSH6 c.1168G>A,,0.9999710153328889,0.8096124031007752,3.5659948320413437,9675.0,MSH6,76279.0,7.884134366925065,34501.0,0.45230010881107513,9.0,1,0
KRAS c.34G>T,,1.0,0.06821705426356589,0.07565891472868216,9675.0,KRAS,,,731.9999999999999,,10.0,1,0
PIK3CA c.3141T>A,,1.0,0.6734883720930233,1.3646511627906976,9675.0,PIK3CA,41085.0,4.246511627906977,13203.0,0.32135815991237676,6.0,1,0
BRAF c.1799T>A,,0.9996023179184184,0.6881653746770026,1.819328165374677,9675.0,BRAF,17.0,0.0017571059431524547,17602.0,1035.4117647058824,4.0,1,0
TP53 c.817C>*,,1.0,0.6645994832041343,2.173953488372093,9675.0,TP53,48450.0,5.007751937984496,21033.0,0.43411764705882355,9.0,1,0
SF3B1 c.2098A>G,,0.9997108573080815,0.9849095607235142,10.009095607235142,9675.0,SF3B1,122835.0,12.696124031007752,96838.0,0.7883583669149672,4.0,1,0
EGFR c.2573T>G,,,0.0,0.0,,EGFR,,,,,9.0,1,0
TP53 c.742C>T,0.9644268774703557,0.9746192893401016,0.03834625322997416,0.046511627906976744,9675.0,TP53,48450.0,5.007751937984496,450.0,0.009287925696594427,10.0,1,0
NRAS c.181C>A,,0.999637582676452,0.9439793281653747,5.703875968992248,9675.0,NRAS,98461.0,10.176847545219639,55185.0,0.5604757213516012,4.0,1,0
U2AF1 c.101C>*,,1.0,0.9506976744186046,9.261291989664082,9675.0,U2AF1,642667.0,66.42552971576228,89603.0,0.13942368287153378,10.0,1,0
TP53 c.1024C>T,,0.9991408934707904,0.6043410852713178,1.6843410852713179,9675.0,TP53,48450.0,5.007751937984496,16296.0,0.3363467492260062,9.0,1,0
NRAS c.34G>T,,0.9999864778981244,0.9658914728682171,7.643720930232558,9675.0,NRAS,98461.0,10.176847545219639,73953.0,0.7510892637694112,3.0,1,0
AR c.2105T>A,,,0.0016537467700258397,0.0016537467700258397,9675.0,AR,286.0,0.029560723514211885,16.0,0.055944055944055944,10.0,1,0
FGFR3 c.746C>G,,1.0,0.00041343669250645994,0.00041343669250645994,9675.0,FGFR3,201.0,0.020775193798449613,4.0,0.01990049751243781,9.0,1,0
KRAS c.183A>C,,1.0,0.8557105943152454,2.841653746770026,9675.0,KRAS,,,27493.0,,4.0,1,0
TP53 c.916C>T,,0.9917434106065418,0.7178294573643411,3.905736434108527,9675.0,TP53,48450.0,5.007751937984496,37788.0,0.7799380804953561,5.0,1,0
APC c.4348C>T,,0.9911456729288574,0.6679069767441861,1.3424289405684755,9675.0,APC,15620.0,1.614470284237726,12988.0,0.8314980793854033,5.0,1,0
MYD88 c.794T>C,,,0.4108527131782946,0.6762790697674419,9675.0,MYD88,,,6543.0,,9.0,1,0
PIK3CA c.1035T>A,,1.0,0.17984496124031008,0.21157622739018087,9675.0,PIK3CA,41085.0,4.246511627906977,2046.9999999999998,0.04982353657052452,6.0,1,0
CDKN2A c.238C>T,,,0.0,0.0,,CDKN2A,1.0,,,,6.0,1,0
CTNNB1 c.122C>T,,0.9979187565579347,0.9935917312661499,17.928062015503876,9675.0,CTNNB1,162388.0,16.784289405684756,173454.0,1.0681454294652315,3.0,1,0
GNAS c.602G>A,,1.0,0.2463049095607235,0.3075968992248062,9675.0,GNAS,130613.0,13.500051679586564,2976.0,0.022784868274980285,6.0,1,0
PIK3CA c.263G>A,,1.0,0.3531782945736434,0.4771059431524548,9675.0,PIK3CA,41085.0,4.246511627906977,4616.0,0.11235244006328343,5.0,1,0
FBXW7 c.1393C>T,,0.9967637540453075,0.16868217054263565,0.19162790697674417,9675.0,FBXW7,,,1853.9999999999998,,9.0,1,0
PTEN c.388C>*,,1.0,0.9079069767441861,3.4589147286821706,9675.0,PTEN,61965.0,6.404651162790698,33465.0,0.5400629387557492,8.0,1,0
APC c.2626C>T,,0.9928985236404411,0.6114728682170543,1.1061498708010336,9675.0,APC,15620.0,1.614470284237726,10702.0,0.6851472471190782,4.0,1,0
SMAD4 c.1082G>A,,0.9998950131233596,0.7839793281653746,1.9689922480620154,9675.0,SMAD4,317.0,0.03276485788113695,19050.0,60.094637223974765,7.0,1,0
TP53 c.405insC,0.8755760368663594,0.9998947257606063,0.48795865633074936,1.0266666666666666,9675.0,TP53,48450.0,5.007751937984496,9933.0,0.20501547987616098,7.0,1,0
CDKN2A c.172C>T,,,0.0,0.0,,CDKN2A,1.0,,,,4.0,1,0
PIK3CA c.1258T>C,,1.0,0.8284237726098191,2.3861498708010336,9675.0,PIK3CA,41085.0,4.246511627906977,23086.0,0.5619082390166728,4.0,1,0
IDH2 c.515G>A,,1.0,0.13746770025839794,0.1848062015503876,9675.0,IDH2,86045.0,8.893540051679587,1788.0,0.02077982451043059,8.0,1,0
SF3B1 c.1998G>T,,0.9998478823043658,0.9826356589147287,9.512558139534883,9675.0,SF3B1,122835.0,12.696124031007752,92034.0,0.749248992550983,3.0,1,0
PIK3CA c.2176G>A,,1.0,0.8551937984496124,2.7509043927648578,9675.0,PIK3CA,41085.0,4.246511627906977,26615.0,0.6478033345503225,4.0,1,0
APC c.646C>T,,0.994073275862069,0.5491472868217054,0.9591731266149871,9675.0,APC,15620.0,1.614470284237726,9280.0,0.5941101152368758,6.0,1,0
EGFR c.2369C>T,,,0.0,0.0,,EGFR,,,,,4.0,1,0
APC c.3340C>T,,0.9973366871347192,0.6791731266149871,1.3971059431524548,9675.0,APC,15620.0,1.614470284237726,13517.0,0.8653649167733675,4.0,1,0
SF3B1 c.1873C>T,,0.9977152311358847,0.9607235142118863,5.247648578811369,9675.0,SF3B1,122835.0,12.696124031007752,50771.0,0.41332682053160746,7.0,1,0
XPO1 c.1711G>A,,0.9999199391537569,0.9727131782945736,10.328062015503876,9675.0,XPO1,337409.0,34.87431524547804,99924.0,0.29615096218535963,9.0,1,0
FGFR3 c.1118A>G,,1.0,0.35968992248062015,0.7407751937984496,9675.0,FGFR3,201.0,0.020775193798449613,7167.0,35.656716417910445,9.0,1,0
ERBB2 c.2033G>A,,1.0,0.03968992248062016,0.041550387596899226,9675.0,ERBB2,12.0,0.00124031007751938,402.0,33.5,4.0,1,0
PIK3CA c.353G>A,,1.0,0.7497674418604651,1.7816020671834625,9675.0,PIK3CA,41085.0,4.246511627906977,17237.0,0.41954484605087017,8.0,1,0
PIK3CA c.1357G>*,,1.0,0.6361757105943152,1.238966408268734,9675.0,PIK3CA,41085.0,4.246511627906977,11987.0,0.29176098332724837,4.0,1,0
PTEN c.697C>T,,0.9988254376642989,0.7666149870801033,1.8479586563307493,9675.0,PTEN,61965.0,6.404651162790698,17879.0,0.28853384975389335,3.0,1,0
ERBB2 c.2264T>C,,1.0,0.10739018087855297,0.11937984496124031,9675.0,ERBB2,12.0,0.00124031007751938,1155.0,96.25,8.0,1,0
TP53 c.328C>T,,1.0,0.0005167958656330749,0.0005167958656330749,9675.0,TP53,48450.0,5.007751937984496,5.0,0.00010319917440660474,10.0,1,0
ARFGEF2 c.1294A>G,,0.9968342287029931,0.9212403100775194,3.4937467700258398,9675.0,ARFGEF2,4790.0,0.49509043927648577,33802.0,7.05678496868476,2.0,1,0
MGA c.3808T>C,,0.9971216341689879,0.9013953488372093,3.5172093023255813,9675.0,MGA,,,34029.0,,2.0,1,0
TTF2 c.382G>A,,0.9961794019933555,0.7315762273901809,2.1351937984496123,9675.0,TTF2,41058.0,4.243720930232558,20658.0,0.5031418968288762,5.0,1,0
LATS1 c.1591C>T,,0.9980025084777256,0.906046511627907,3.5453229974160205,9675.0,LATS1,44830.0,4.63359173126615,34301.0,0.7651349542716931,2.0,1,0
ZKSCAN5 c.1566A>G,,0.9940817105765559,0.6116795865633075,1.2245994832041345,9675.0,ZKSCAN5,21534.0,2.2257364341085273,11848.000000000002,0.5501996842203029,2.0,1,0
MFSD12 c.1202G>T,,0.9957750198045947,0.7432558139534884,2.383049095607235,9675.0,MFSD12,34061.0,3.520516795865633,23056.0,0.6769032030768327,3.0,1,0
SLC23A2 c.1417G>A,,0.9987193853049464,0.525891472868217,0.8682170542635659,9675.0,SLC23A2,9795.0,1.012403100775194,8400.0,0.8575803981623277,4.0,1,0
MKI67 c.8158A>C,0.994417034536484,0.996411692630842,0.7061498708010336,7.439793281653746,9675.0,MKI67,226649.0,23.42625322997416,71980.0,0.31758357636698153,3.0,1,0
TAF1B c.1386G>T,0.9947559499798305,,0.7622739018087855,1.9091472868217054,9675.0,TAF1B,35747.0,3.694780361757106,18471.0,0.5167146893445603,5.0,1,0
SETD5 c.4131C>T,0.9985723208708843,0.9743377483443708,0.5687855297157622,1.5329198966408268,9675.0,SETD5,88938.0,9.192558139534883,14831.0,0.16675661696912455,2.0,1,0
KIF20B c.4945A>G,0.994476427571184,0.9950105658605306,0.7762273901808786,3.089405684754522,9675.0,KIF20B,11876.0,1.2274935400516795,29890.000000000004,2.516840687100034,2.0,1,0
SACS c.7497C>T,0.9859154929577465,0.9987059204141054,0.45354005167958655,0.7637209302325582,9675.0,SACS,1943.0,0.20082687338501293,7389.0,3.8028821410190425,2.0,1,0
PLCB3 c.707A>G,,1.0,0.3058397932816537,0.40258397932816536,9675.0,PLCB3,8628.0,0.8917829457364341,3895.0,0.4514371812702828,2.0,1,0
COX10 c.682C>T,,1.0,0.016847545219638244,0.017054263565891473,9675.0,COX10,23349.0,2.4133333333333336,165.0,0.0070666837980213285,5.0,1,0
SLC39A11 c.168T>C,,0.9972925030342639,0.9070801033591731,3.4237726098191215,9675.0,SLC39A11,10846.0,1.1210335917312662,33125.0,3.054121335054398,2.0,1,0
MDN1 c.2603C>T,,0.9982300500580934,0.9523514211886305,9.518656330749353,9675.0,MDN1,72689.0,7.513074935400517,92092.99999999999,1.2669454800588809,2.0,1,0
ZNF609 c.2601C>T,,0.9958413782860538,0.9291989664082687,4.339534883720931,9675.0,ZNF609,87362.0,9.029664082687338,41985.00000000001,0.48058652503376764,3.0,1,0
RNF216 c.1896G>A,,1.0,0.8271834625322998,2.5354005167958658,9675.0,RNF216,2606.0,0.26935400516795865,24530.0,9.412893323100537,2.0,1,0
BRD9 c.66G>A,,1.0,0.3838759689922481,0.54015503875969,9675.0,BRD9,57491.0,5.942222222222222,5226.0,0.09090118453323129,2.0,1,0
TBC1D13 c.66A>G,,0.9999277847987001,0.8656330749354005,2.862532299741602,9675.0,TBC1D13,13111.0,1.355142118863049,27695.0,2.1123484097322858,3.0,1,0
TTC19 c.573G>A,,0.9998759536066489,0.7356072351421189,1.6664599483204134,9675.0,TTC19,6379.0,0.659328165374677,16123.0,2.527512149239693,5.0,1,0
CCDC88C c.3372G>A,,1.0,0.3232041343669251,0.4254263565891473,9675.0,CCDC88C,14402.0,1.488578811369509,4116.0,0.28579363977225386,3.0,1,0
ARID4A c.2760A>G,,0.9998781527963934,0.5181395348837209,0.8482687338501292,9675.0,ARID4A,11831.0,1.222842377260982,8207.0,0.6936860789451441,3.0,1,0
COPG1 c.663T>C,,0.9999126026918371,0.634625322997416,1.1826356589147287,9675.0,COPG1,83806.0,8.662118863049095,11442.0,0.13652960408562634,2.0,1,0
AKAP9 c.1389G>T,0.9883954819743154,0.9970252850768468,0.8561240310077519,2.847545219638243,9675.0,AKAP9,12420.0,1.283720930232558,27550.0,2.218196457326892,3.0,1,0
KMT2C c.8685G>A,,1.0,0.8154005167958657,2.86625322997416,9675.0,KMT2C,27234.0,2.8148837209302324,27731.0,1.0182492472644489,2.0,1,0
SBNO1 c.627G>A,,0.9991162955107812,0.9518346253229975,6.131679586563307,9675.0,SBNO1,99112.0,10.244134366925065,59324.0,0.5985551699087901,5.0,1,0
ANO10 c.799A>G,,0.9992194706591925,0.8855813953488372,3.5467700258397934,9675.0,ANO10,22336.0,2.308630490956072,34315.0,1.5363090974212035,4.0,1,0
PARP9 c.1444A>G,,0.9757653061224489,0.7031524547803617,2.8108527131782948,9675.0,PARP9,39746.0,4.108113695090439,27195.000000000004,0.6842197957027123,4.0,1,0
GLB1 c.1824G>C,,0.9993531485494356,0.8991214470284238,3.817467700258398,9675.0,GLB1,44630.0,4.612919896640827,36934.0,0.8275599372619314,2.0,1,0
LMTK2 c.3852A>G,0.9734576757532282,0.9988924687877567,0.5635142118863049,1.1706459948320413,9675.0,LMTK2,9237.0,0.9547286821705426,11326.0,1.2261556782505143,4.0,1,0
NCBP1 c.1428G>A,0.9704840613931524,0.9984944797591168,0.4444444444444444,0.7054263565891473,9675.0,NCBP1,71779.0,7.419018087855298,6825.0,0.09508352024965519,3.0,1,0
SPN c.879C>T,0.9954254972844244,0.9856062316550012,0.9674418604651163,9.69498708010336,9675.0,SPN,63268.0,6.539328165374677,93799.0,1.4825662262123032,4.0,1,0
HTT c.8157G>A,0.5033797765208994,0.9989549119140042,0.8964341085271318,3.5184496124031006,9675.0,HTT,22044.0,2.278449612403101,34041.0,1.544229722373435,4.0,1,0
CEP350 c.4336A>G,0.9485842026825634,0.9992301347264229,0.7077002583979328,2.018294573643411,9675.0,CEP350,39778.0,4.111421188630491,19527.0,0.49089949218160794,4.0,1,0
USP24 c.4029A>G,,0.9999764694809168,0.9179328165374677,4.392558139534883,9675.0,USP24,69329.0,7.165788113695091,42498.0,0.6129902349666085,3.0,1,0
MCM10 c.2003A>G,,1.0,0.6843410852713179,2.8088888888888888,9675.0,MCM10,13225.0,1.3669250645994833,27176.0,2.0548960302457466,3.0,1,0
ERAP1 c.1540G>A,,1.0,0.8515762273901809,2.770232558139535,9675.0,ERAP1,37769.0,3.9037726098191214,26802.0,0.7096295904048293,2.0,1,0
MADD c.1440T>C,,0.9968529352430906,0.9605167958656331,5.874625322997416,9675.0,MADD,46588.0,4.815297157622739,56837.0,1.219992272688246,2.0,1,0
TRAPPC11 c.2370C>T,,0.9991731437076237,0.43545219638242894,0.6250129198966409,9675.0,TRAPPC11,27324.0,2.824186046511628,6047.0,0.22130727565510175,3.0,1,0
QSOX2 c.376A>G,0.9849383842994066,0.99798873692679,0.699328165374677,1.737674418604651,9675.0,QSOX2,14966.0,1.54687338501292,16812.0,1.1233462515034078,2.0,1,0
C15orf39 c.355G>C,,,0.9435658914728682,8.007441860465116,9675.0,C15orf39,142794.0,14.75906976744186,77472.0,0.5425438043615278,2.0,1,0
FMR1 c.414G>A,,0.9991747157354199,0.8917829457364341,3.381498708010336,9675.0,FMR1,1101.0,0.1137984496124031,32716.0,29.71480472297911,3.0,1,0
INSR c.1650G>A,,,0.21354005167958656,0.8221188630490956,9675.0,INSR,3347.0,0.34594315245478036,7954.0,2.3764565282342396,4.0,1,0
MON1A c.501T>C,,0.9984217171717171,0.5651679586563307,1.0330749354005169,9675.0,MON1A,18567.0,1.9190697674418604,9995.0,0.5383206764690042,5.0,1,0
JAK2 c.1849G>T,0.9983350556895166,0.9711323439723522,0.8554005167958656,4.405271317829458,9675.0,JAK2,140841.0,14.557209302325582,42621.00000000001,0.3026178456557395,3.0,1,0
