sample,HGVSc,frequency,count_of_this_gapfill,count_of_this_probe,expected_frequency_from_bulk,_merge
BC007_1,EZH2 c.2054G>A,0.28336113427856546,2718.0,9592.0,0.182,in_feature_set
BC007_1,TP53 c.818G>A,0.7797000151945994,35920.0,46069.0,0.473,in_feature_set
BC007_1,TP53 c.659A>G,0.000882223202470225,2.0,2267.0,0.01,not_in_feature_set
BC007_1,ZRSR2 c.883C>T,0.10976532929598788,725.0,6605.0,0.108,in_feature_set
BC007_1,CALR c.1150_1154delinsTGTC,0.8082938817746734,312446.0,386550.0,0.613,in_feature_set
BC007_1,TP53 c.920-1G>A,0.7878787878787878,78.0,99.0,0.187,in_feature_set
BC008_1,JAK2 c.1849G>T,0.5895522388059702,474.0,804.0,0.54,in_feature_set
BC008_1,TP53 c.536A>G,0.07142857142857142,3.0,42.0,0.014,in_feature_set
BC008_1,TP53 c.393_395del,0.045454545454545456,1.0,22.0,0.023,in_feature_set
BC008_1,TP53 c.731G>A,0.047619047619047616,1.0,21.0,0.019,in_feature_set
BC008_1,PPM1D c.1547C>A,0.0,0.0,11.0,0.05,not_in_feature_set
BC005_1,JAK2 c.1849G>T,0.007477128782547502,85.0,11368.0,0.1,not_in_feature_set
BC005_1,GATA2 c.1192C>T,0.005819668908025638,148.0,25431.0,0.112,not_in_feature_set
BC005_1,IDH2 c.418C>T,0.475060709603937,44212.0,93066.0,0.25,in_feature_set
BC005_1,SRSF2 c.284_307del,0.9772727272727273,215.0,220.0,0.297,in_feature_set
BC005_1,TP53 c.733G>A,0.0,0.0,292.0,0.109,not_in_feature_set
BC005_1,TP53 c.527G>A,0.9652032520325203,2968.0,3075.0,0.356,in_feature_set
BC004_1,ASXL1 c.2081_2099dup,0.4441629578911332,6487.0,14605.0,0.462,in_feature_set
BC004_1,JAK2 c.1849G>T,0.547972972972973,7299.0,13320.0,0.75,in_feature_set
BC004_1,DNMT3A c.2644C>T,0.5260654112983152,5308.0,10090.0,0.497,in_feature_set
BC004_1,SRSF2 c.284C>G,0.458628841607565,388.0,846.0,0.504,in_feature_set
BC001_1,PPM1D c.1639del,0.1232876712328767,27.0,219.0,0.11,in_feature_set
BC001_1,TP53 c.536A>G,0.00881057268722467,4.0,454.0,0.013,in_feature_set
BC001_1,PPM1D c.1636dup,0.1461187214611872,32.0,219.0,0.023,in_feature_set
BC001_1,TP53 c.742C>T,0.05234231876472128,200.0,3821.0,0.03,in_feature_set
BC001_1,CALR c.1155_1156insTTGTC,0.24516197444462118,32368.0,132027.0,0.33,in_feature_set
BC001_1,SETD2 c.4702A>G,0.39389353747552075,4425.0,11234.0,0.222,in_feature_set
BC010_1,JAK2 c.1849G>T,0.5338212725770275,13566.0,25413.0,0.51,in_feature_set
BC010_1,TP53 c.321C>G,0.952423900789177,4224.0,4435.0,0.972,in_feature_set
BC012_1,JAK2 c.1849G>T,0.961212630399776,13729.0,14283.0,0.91,in_feature_set
BC012_1,ASXL1 c.1934dupG,0.0075528700906344415,5.0,662.0,0.057,not_in_feature_set
BC012_1,ASXL1 c.2246_2247insGG,0.31207819408889925,1341.0,4297.0,0.347,in_feature_set
BC012_1,ASXL1 c.1815C>A,0.029411764705882353,7.0,238.0,0.021,not_in_feature_set
BC012_1,JAK2 c.839C>T,0.033054003724394786,71.0,2148.0,0.022,in_feature_set
BC012_1,JAK2 c.3188G>A,0.9163415691374079,4228.0,4614.0,0.956,in_feature_set
BC015_1,JAK2 c.1849G>T,0.9434245035593856,15108.0,16014.0,0.93,in_feature_set
BC015_1,ASXL1 c.2407C>T,0.47323407067604867,12173.0,25723.0,0.472,in_feature_set
BC009_1,JAK2 c.1849G>T,0.9033306255077173,1112.0,1231.0,0.89,in_feature_set
BC009_1,ASXL1 c.4183C>G,0.7035490605427975,674.0,958.0,0.499,in_feature_set
BC009_1,IDH2 c.419G>A,0.379552435278631,865.0,2279.0,0.435,in_feature_set
BC014_1,JAK2 c.1849G>T,0.19479857215706273,382.0,1961.0,0.21,in_feature_set
BC014_1,DNMT3A c.2645G>A,0.41602728047740833,488.0,1173.0,0.33,in_feature_set
BC006_1,JAK2 c.1849G>T,0.6290677034908292,14885.0,23662.0,0.56,in_feature_set
BC006_1,U2AF1 c.470A>C,0.5005337684049389,49700.0,99294.0,0.423,in_feature_set
BC006_1,ASXL1 c.1900A>T,0.27252081756245267,2880.0,10568.0,0.126,in_feature_set
BC006_1,SH2B3 c.1527del,0.11312217194570136,275.0,2431.0,0.496,in_feature_set
BC006_1,TP53 c.830G>A,0.4618191295282773,7088.0,15348.0,0.381,in_feature_set
BC006_1,TP53 c.725G>A,0.07331351049990709,2367.0,32286.0,0.06,in_feature_set
BC011_1,JAK2 c.1849G>T,0.37370187768803104,7125.0,19066.0,0.54,in_feature_set
BC011_1,NRAS c.35G>A,0.006103210731982436,303.0,49646.0,0.015,in_feature_set
BC011_1,TP53 c.613T>C,0.006910365548322484,69.0,9985.0,0.005,in_feature_set
BC011_1,TP53 c.78delT,0.015635395874916833,47.0,3006.0,0.019,in_feature_set
BC011_1,TP53 c.455dupC,0.11009174311926606,12.0,109.0,0.266,in_feature_set
BC003_1,JAK2 c.1849G>T,0.8280176392164906,8074.0,9751.0,0.78,in_feature_set
BC003_1,TET2 c.5618T>C,0.21829457364341084,704.0,3225.0,0.29,in_feature_set
BC003_1,NFE2 c.714_716delinsAA,0.011598337778329096,187.0,16123.0,0.015,in_feature_set
BC003_1,TP53 c.524G>A,0.4831704668838219,445.0,921.0,0.336,in_feature_set
BC003_1,TET2 c.4537+3A>T,0.1781818181818182,49.0,275.0,0.029,in_feature_set
BC013_1,JAK2 c.1849G>T,0.9694060211554109,11914.0,12290.0,0.92,in_feature_set
BC013_1,RRAS c.116G>T,0.14285714285714285,1.0,7.0,0.467,not_in_feature_set
BC002_1,JAK2 c.1849G>T,0.8364248258589654,10687.0,12777.0,0.49,in_feature_set
BC002_1,TP53 c.535C>T,0.0859106529209622,25.0,291.0,0.012,in_feature_set
BC002_1,ASXL1 c.1249C>T,0.11860595840359753,422.0,3558.0,0.145,in_feature_set
BC002_1,TP53 c.376-2A>G,0.0,0.0,9.0,0.076,not_in_feature_set
BC002_1,SRSF2 c.161C>T,0.04996792815907633,1558.0,31180.0,0.036,in_feature_set
BC002_1,SH2B3 c.894G>A,0.04710012050086446,899.0,19087.0,0.083,in_feature_set
BC012_2,JAK2 c.1849G>T,0.468377241911954,5458.0,11653.0,0.43,in_feature_set
BC012_2,CBL c.1259G>A,0.08220108695652174,484.0,5888.0,0.048,in_feature_set
BC011_2,JAK2 c.1849G>T,0.9549972889933128,10568.0,11066.0,0.93,in_feature_set
BC011_2,SF3B1 c.1998G>T,0.5039628313746926,3688.0,7318.0,0.452,in_feature_set
BC011_2,JAK2 c.892T>C,0.01904221700024309,235.0,12341.0,0.009,in_feature_set
BC011_2,JAK2 c.731A>G,0.968688028389521,9281.0,9581.0,0.961,in_feature_set
BC004_2,JAK2 c.1849G>T,0.024366471734892786,50.0,2052.0,0.01,in_feature_set
BC004_2,IDH1 c.394C>T,0.14184397163120568,40.0,282.0,0.077,in_feature_set
BC004_2,RUNX1 c.1103dupC,0.06646811966968999,491.0,7387.0,0.084,in_feature_set
BC004_2,SRSF2 c.284C>A,0.4411764705882353,105.0,238.0,0.399,in_feature_set
BC004_2,TET2 c.2908dupA,0.4623167458187074,2239.0,4843.0,0.378,not_in_feature_set
BC004_2,MPL c.1771T>G,0.971372984991662,3495.0,3598.0,0.771,in_feature_set
BC004_2,PTPN11 c.1508G>A,0.43894802755165935,1402.0,3194.0,0.296,in_feature_set
BC003_2,JAK2 c.1849G>T,0.741222366710013,570.0,769.0,0.86,in_feature_set
BC003_2,EZH2 c.453_455del,0.07246376811594203,5.0,69.0,0.31,in_feature_set
BC003_2,NFE2 c.190_194del,0.03003003003003003,10.0,333.0,0.035,in_feature_set
BC003_2,TP53 c.523C>G,0.2,1.0,5.0,0.022,in_feature_set
BC003_2,TET2 c.4021dupG,0.08866995073891626,18.0,203.0,0.355,in_feature_set
BC002_2,JAK2 c.1849G>T,0.8806133625410734,804.0,913.0,0.52,in_feature_set
BC002_2,DNMT3A c.2695C>T,0.08169934640522876,25.0,306.0,0.15,in_feature_set
BC002_2,NFE2 c.817C>T,0.5245398773006135,342.0,652.0,0.26,in_feature_set
BC002_2,PPM1D c.1338del,0.0,0.0,4.0,0.14,not_in_feature_set
BC010_2,JAK2 c.1849G>T,0.9312039312039312,758.0,814.0,0.86,in_feature_set
BC010_2,IDH1 c.395G>A,0.04487179487179487,7.0,156.0,0.034,in_feature_set
BC010_2,IDH2 c.419G>A,0.0011465260261407934,5.0,4361.0,0.028,not_in_feature_set
BC010_2,TET2 c.4537+2T>G,0.75,21.0,28.0,0.267,in_feature_set
BC001_2,JAK2 c.1849G>T,0.3402288732394366,2319.0,6816.0,0.22,in_feature_set
BC001_2,TP53 c.659A>G,0.25,13.0,52.0,0.218,in_feature_set
BC001_2,SH2B3 c.1033G>A,0.025,1.0,40.0,0.012,not_in_feature_set
BC008_2,JAK2 c.1849G>T,0.6562184024266936,1298.0,1978.0,0.6,in_feature_set
BC008_2,IDH1 c.395G>A,0.5333333333333333,88.0,165.0,0.219,in_feature_set
BC008_2,MPL c.1771T>G,0.324,81.0,250.0,0.184,in_feature_set
BC014_2,NFE2 c.782_785del,0.051741544674406864,205.0,3962.0,0.017,in_feature_set
BC014_2,JAK2 c.1849G>T,0.6111651159561172,4401.0,7201.0,0.5,in_feature_set
BC014_2,NFE2 c.817C>T,0.04820627802690583,129.0,2676.0,0.037,in_feature_set
BC014_2,SF3B1 c.2098A>G,0.4990791896869245,4607.0,9231.0,0.385,in_feature_set
BC014_2,TET2 c.2790_2791del,0.39285714285714285,33.0,84.0,0.386,in_feature_set
BC014_2,NFE2 c.137dupC,0.13268482490272374,682.0,5140.0,0.079,in_feature_set
BC005_2,JAK2 c.1849G>T,0.6879339463313943,3666.0,5329.0,0.69,in_feature_set
BC005_2,ASXL1 c.1636C>T,0.378645456736563,1571.0,4149.0,0.44,in_feature_set
BC006_2,JAK2 c.1849G>T,0.9508395711106615,4700.0,4943.0,0.96,in_feature_set
BC006_2,DNMT3A c.2644C>T,0.5336883824622244,4309.0,8074.0,0.485,in_feature_set
BC006_2,ASXL1 c.2535del,0.4642857142857143,182.0,392.0,0.46,in_feature_set
BC006_2,SETBP1 c.2602G>A,0.34934497816593885,160.0,458.0,0.416,in_feature_set
BC009_2,JAK2 c.1849G>T,0.5939086294416244,234.0,394.0,0.6,in_feature_set
BC009_2,SH2B3 c.926G>A,0.0,0.0,648.0,0.01,not_in_feature_set
BC007_2,JAK2 c.1849G>T,0.37254901960784315,304.0,816.0,0.68,in_feature_set
BC013_2,JAK2 c.1849G>T,0.9717797267466142,16288.0,16761.0,0.95,in_feature_set
BC013_2,TET2 c.4249G>T,0.013155456735223272,71.0,5397.0,0.04,in_feature_set
BC013_2,TET2 c.2439_2440insA,0.019772797052502303,322.0,16285.0,0.024,not_in_feature_set
BC013_2,KRAS c.173C>T,0.007709357232340753,80.0,10377.0,0.029,in_feature_set
BC013_2,ZRSR2 c.884G>C,0.02522935779816514,99.0,3924.0,0.016,in_feature_set
BC013_2,TET2 c.685dupA,0.07892312416828744,771.0,9769.0,0.1,in_feature_set
BC013_2,IDH2 c.419G>A,0.03679846501747413,2148.0,58372.0,0.042,in_feature_set
BC016_2,JAK2 c.1849G>T,0.9663492063492064,6088.0,6300.0,0.96,in_feature_set
BC016_2,ASXL1 c.1934dupG,0.2025862068965517,47.0,232.0,0.422,in_feature_set
BC016_2,EZH2 c.2064T>A,0.02702702702702703,1.0,37.0,0.41,not_in_feature_set
BC003_4plex,JAK2 c.1849G>T,0.7592272677415817,55375.0,72936.0,0.64,in_feature_set
BC003_4plex,ASXL1 c.1934dupG,0.0748663101604278,14.0,187.0,0.26,in_feature_set
BC003_4plex,TET2 c.5188del,0.002080676555473522,31.0,14899.0,0.02,in_feature_set
BC003_4plex,TET2 c.685dupA,0.20524151476094027,3344.0,16293.0,0.32,in_feature_set
BC002_4plex,JAK2 c.1849G>T,0.40771128001208035,8100.0,19867.0,0.39,in_feature_set
BC002_4plex,ASXL1 c.1934dupG,0.14285714285714285,17.0,119.0,0.36,in_feature_set
BC002_4plex,U2AF1 c.470A>G,0.3198084314813673,15559.0,48651.0,0.41,in_feature_set
BC002_4plex,IDH2 c.419G>A,0.42258705735110064,22960.0,54332.0,0.36,in_feature_set
BC004_4plex,JAK2 c.1849G>T,0.8847510780086241,2257.0,2551.0,0.73,in_feature_set
BC004_4plex,MPL c.1811T>A,0.0,0.0,15.0,0.013,not_in_feature_set
BC004_4plex,TET2 c.3532G>A,0.4017467248908297,184.0,458.0,0.35,in_feature_set
BC004_4plex,CHEK2 c.367T>C,0.0,0.0,98.0,0.015,not_in_feature_set
BC001_4plex,JAK2 c.1849G>T,0.5043478260869565,5104.0,10120.0,0.52,in_feature_set
BC001_4plex,ASXL1 c.1934dupG,0.028169014084507043,2.0,71.0,0.18,not_in_feature_set
BC001_1plex,JAK2 c.1849G>T,0.8180053609390886,8850.0,10819.0,0.8,in_feature_set
BC007_1,NRAS c.35G>A,0.003173878770277559,153.0,48206.0,,
BC003_1,ASXL1 c.4183C>G,0.07853403141361257,360.0,4584.0,,
