,p_alt_given_mutated,p_ref_given_wt,prop_genotyped,mean_counts,n_cells,gene,0bp_count,mean_0bp_count,gapfill_count,efficiency,gap_length,overlaps_within_set,overlaps_with_flex
PIK3R1 c.1126G>A,,0.9997495930887692,0.24751365054602184,0.3893818252730109,20512.0,PIK3R1,24804.0,1.2092433697347893,7987.0,0.3220045154007418,10.0,1,0
DNMT1 c.3822C>G,,0.9999876795702635,0.8873342433697348,3.9570007800312013,20512.0,DNMT1,347409.0,16.936866224648988,81166.0,0.23363240445699449,3.0,1,1
CTNNB1 c.1089G>A,,0.9999190237117626,0.968701248049922,20.46977379095164,20512.0,CTNNB1,578750.0,28.215191107644305,419876.0,0.7254876889848813,3.0,1,0
CUL3 c.362A>G,,0.9998826841858283,0.8666634165366615,3.3244929797191887,20512.0,CUL3,,,68192.0,,4.0,1,0
SPEN c.1475C>T,,0.9991891310463519,0.7871489859594384,2.9460315912636506,20512.0,SPEN,263397.0,12.841117394695788,60429.0,0.22942174740031207,4.0,1,0
TP53 c.916C>T,,0.9961205026331238,0.6968603744149766,5.730352964118564,20512.0,TP53,224615.0,10.950419266770671,117541.0,0.5232998686641587,3.0,1,0
SDHC c.114G>A,,1.0,0.546119344773791,1.3550604524180967,20512.0,SDHC,123329.0,6.012529251170047,27795.0,0.2253727833680643,5.0,1,0
FGFR2 c.569G>A,,1.0,0.18345358814352575,0.3395573322932917,20512.0,FGFR2,,,6965.0,,3.0,1,1
SPEN c.7024C>T,,0.9969024999554957,0.9429602184087363,8.215824882995319,20512.0,SPEN,263397.0,12.841117394695788,168522.99999999997,0.6398060722027964,4.0,1,0
STAG2 c.1814del,,0.9981207689827976,0.9877145085803433,13.308502340093604,20512.0,STAG2,296223.0,14.441448907956318,272984.0,0.9215489681760025,4.0,1,0
CTNNB1 c.122C>T,,0.9993037538178594,0.8963533541341654,7.422240639625585,20512.0,CTNNB1,578750.0,28.215191107644305,152245.0,0.2630583153347732,3.0,1,0
SDHA c.1643A>G,,0.9429481525041654,0.875536271450858,4.974161466458658,20512.0,SDHA,,,102029.99999999999,,4.0,1,0
TET1 c.184dup,,0.9585789261203068,0.28368759750390016,0.6037929017160687,20512.0,TET1,34488.0,1.6813572542901716,12385.000000000002,0.3591104152168871,3.0,1,0
FGFR3 c.1948A>G,,0.9994019734874913,0.23820202808112326,0.4891283151326053,20512.0,FGFR3,,,10033.0,,10.0,1,0
BRD4 c.3908C>T,,0.9989874699405139,0.7852476599063962,2.311134945397816,20512.0,BRD4,,,47406.0,,3.0,1,0
DIS3 c.2625dup,,0.9956200215943122,0.8707098283931357,4.786173946957878,20512.0,DIS3,,,98174.0,,4.0,1,0
FAT1 c.440C>T,,0.9995391705069124,0.514820592823713,1.0579173166926676,20512.0,FAT1,163709.0,7.981132995319813,21700.0,0.13255227263009364,6.0,1,0
TP53 c.68G>A,,0.9999640210117291,0.6034028861154446,2.7100234009360373,20512.0,TP53,224615.0,10.950419266770671,55588.0,0.24748124568706453,4.0,1,0
DROSHA c.3598G>A,,0.9999566827662385,0.7279153666146646,2.250926287051482,20512.0,DROSHA,229895.0,11.207829563182527,46171.0,0.20083516387916223,4.0,1,0
TP53 c.322G>A,,0.9999247299687629,0.45651326053042124,1.2953880655226209,20512.0,TP53,224615.0,10.950419266770671,26571.0,0.1182957505064221,4.0,1,0
MSH6 c.3656C>T,,0.9991188758070642,0.859643135725429,6.418194227769111,20512.0,MSH6,,,131650.0,,5.0,1,0
H3F3A c.103G>A,,0.9999950609966909,0.9793291731669267,9.870807332293293,20512.0,H3F3A,,,202470.00000000003,,3.0,1,0
NF1_0 c.6789_6792del,,1.0,0.7499024960998439,2.2580928237129485,20512.0,NF1_0,119828.0,5.8418486739469575,46318.0,0.386537370230664,7.0,1,0
KMT2C c.1664T>A,,0.9998384230085636,0.8307819812792512,3.3189840093603746,20512.0,KMT2C,83023.0,4.047533151326053,68079.0,0.8200016862797056,3.0,1,1
MTOR c.1856G>A,,0.9999446963831434,0.7210900936037441,1.7630655226209049,20512.0,MTOR,98587.0,4.8063085023400935,36164.0,0.36682321198535306,3.0,1,0
PIK3CB c.1408G>A,,0.9998855638839618,0.7554114664586583,2.5561134945397814,20512.0,PIK3CB,75734.0,3.692180187207488,52431.0,0.692304645205588,4.0,1,0
RECQL4 c.1891C>T,,0.9980003199488082,0.36134945397815915,0.609496879875195,20512.0,RECQL4,28221.0,1.375828783151326,12502.0,0.44300343715672724,4.0,1,0
FGFR1 c.2059A>G,,0.9999711823866747,0.6029641185647426,1.6917414196567864,20512.0,FGFR1,60584.0,2.953588143525741,34701.0,0.5727749900963951,8.0,2,0
PTPN11 c.1492C>T,,0.9978581995628077,0.9165854134165367,4.415854134165366,20512.0,PTPN11,277607.0,13.533882605304212,90578.0,0.3262813978033695,4.0,1,0
FH c.1431_1433dup,,1.0,0.8479426677067082,3.3481376755070205,20512.0,FH,212081.0,10.33936232449298,68677.0,0.32382438785181134,5.0,1,0
FOXP1 c.1612G>A,,1.0,0.8220553822152886,4.4032273790951635,20512.0,FOXP1,147798.0,7.205440717628705,90319.0,0.6110975791282697,4.0,1,0
DROSHA c.4060G>C,,1.0,0.7421996879875195,2.4481766770670825,20512.0,DROSHA,229895.0,11.207829563182527,50217.0,0.21843450270775788,5.0,1,0
FYN c.229C>T,,0.9979809310151431,0.5439255070202809,1.3038709048361934,20512.0,FYN,,,26745.0,,3.0,1,0
RAD51B c.489T>A,,1.0,0.4270183307332293,0.6898888455538221,20512.0,RAD51B,,,14151.0,,4.0,1,0
STAG2 c.3169A>C,,1.0,0.8817277691107644,3.6799434477379096,20512.0,STAG2,296223.0,14.441448907956318,75483.0,0.2548181606424889,4.0,1,1
BRAF c.1726G>T,,1.0,0.5408541341653667,1.0001950078003121,20512.0,BRAF,43138.0,2.1030616224648986,20516.000000000004,0.4755899670823868,4.0,1,0
FH c.403C>T,,0.9998087844427023,0.7705733229329174,2.549580733229329,20512.0,FH,212081.0,10.33936232449298,52296.99999999999,0.2465897463704905,4.0,1,0
STK11 c.190A>T,,0.9999385900270203,0.7090483619344774,3.1755070202808113,20512.0,STK11,114623.0,5.588094773790951,65136.0,0.5682629140748366,4.0,1,0
BRAF c.1799T>A,,1.0,0.7933892355694228,2.3738299531981277,20512.0,BRAF,43138.0,2.1030616224648986,48691.99999999999,1.1287495943251888,4.0,1,0
SDHC c.197C>T,,0.9977958819262318,0.9101014040561622,5.242102184087363,20512.0,SDHC,123329.0,6.012529251170047,107526.0,0.8718630654590567,4.0,1,0
SPEN c.4624C>T,,0.9975507128053759,0.5647425897035881,1.5525546021840875,20512.0,SPEN,263397.0,12.841117394695788,31846.000000000004,0.12090494576627678,5.0,1,0
DROSHA c.1618G>A,,0.9999893250210831,0.8711973478939158,4.566936427457098,20512.0,DROSHA,229895.0,11.207829563182527,93677.0,0.4074773266056243,3.0,1,1
ABL1 c.586G>T,,1.0,0.5751267550702028,1.1912051482059283,20512.0,ABL1,213869.0,10.42653081123245,24434.0,0.11424750665126783,3.0,1,0
PMS2 c.2533del,,0.5034499262154509,0.6337265990639626,1.2223576443057722,20512.0,PMS2,79751.0,3.8880167706708266,25073.0,0.31439104211859414,5.0,1,0
SETD2 c.4930G>A,,0.9999472648010125,0.8471138845553822,2.7734009360374414,20512.0,SETD2,,,56888.0,,4.0,1,0
STAT3 c.853G>C,,0.9999758838566536,0.7311817472698908,2.021548361934477,20512.0,STAT3,121186.0,5.908053822152886,41465.99999999999,0.3421682372551284,5.0,1,0
ATRX c.1147dup,,0.442234974127637,0.8299044461778471,2.939547581903276,20512.0,ATRX,128205.5,6.250268135725429,60295.99999999999,0.47030743610843523,3.0,1,0
CIC c.1343G>A,,0.9999049971499145,0.8038709048361935,2.5658151326053042,20512.0,CIC,,,52630.0,,4.0,1,0
TSC2 c.202G>A,,0.9994056905133348,0.9170241809672387,4.59375,20512.0,TSC2,,,94227.0,,4.0,1,0
NF1_1 c.2446C>T,,0.9988443123658577,0.6515698127925117,1.4764528081123245,20512.0,NF1_1,,,30285.0,,4.0,1,0
TGFBR2 c.487_489,,1.0,0.4981961778471139,0.9614859594383776,20512.0,TGFBR2,53798.0,2.622757410296412,19722.0,0.366593553663705,5.0,1,0
BRCA1 c.1789G>A,,1.0,0.44617784711388453,0.749073712948518,20512.0,BRCA1,127982.0,6.239372074882995,15365.000000000002,0.1200559453673173,6.0,1,0
ARAF c.203G>A,,0.9998788515123369,0.7246489859594384,2.4144890795631824,20512.0,ARAF,105714.0,5.153763650546022,49526.0,0.46849045537960915,3.0,1,1
RECQL c.179A>C,,1.0,0.8031883775351014,3.1177359594383773,20512.0,RECQL,,,63950.99999999999,,3.0,1,1
SPEN c.2439dup,,0.8278682948399605,0.9132702808112324,5.7330343213728545,20512.0,SPEN,263397.0,12.841117394695788,117595.99999999999,0.4464591472188369,3.0,1,0
FAT1 c.13224G>T,,1.0,0.2871489859594384,0.4671899375975039,20512.0,FAT1,163709.0,7.981132995319813,9583.0,0.05853679394535426,5.0,1,0
RB1 c.1333C>T,,0.9965090922704003,0.9165854134165367,5.209097113884555,20512.0,RB1,184544.0,8.996879875195008,106848.99999999999,0.5789892925264435,3.0,1,0
DICER1 c.3595G>C,,1.0,0.7751560062402496,2.765161856474259,20512.0,DICER1,91385.0,4.455196957878315,56719.0,0.62065984570772,4.0,1,0
MYC c.937_939,,1.0,0.7275741029641186,4.26340678627145,20512.0,MYC,419305.0,20.441936427457097,87450.99999999999,0.2085617867661964,5.0,1,0
PTEN c.755A>G,,0.9998390515685623,0.9625097503900156,14.236495709828393,20512.0,PTEN,209177.0,10.19778666146646,292019.0,1.3960378053036424,3.0,1,0
SPOP c.705G>T,,0.9999857346647646,0.8835315912636506,3.417511700468019,20512.0,SPOP,116747.0,5.6916439157566305,70100.0,0.6004436944846548,5.0,1,0
INPP4A c.237C>G,,1.0,0.8472113884555382,2.8954758190327614,20512.0,INPP4A,53559.0,2.6111056942277693,59392.0,1.1089079333071938,3.0,1,1
CDH1 c.1273G>A,,1.0,0.18184477379095162,2.1242687207488298,20512.0,CDH1,299101.0,14.581757020280811,43572.99999999999,0.14567988739589635,4.0,1,0
RB1 c.1251_1252delAA,,0.9999908361970218,0.9092726209048362,5.32005655226209,20512.0,RB1,184544.0,8.996879875195008,109125.0,0.5913223946592683,6.0,1,0
KRAS c.182A>T,,1.0,0.9048849453978159,3.7885627925117005,20512.0,KRAS,113282.0,5.52271840873635,77711.0,0.6859960099574514,4.0,1,0
WHSC1 c.808G>A,,0.9992836676217765,0.43828003120124803,0.6805772230889235,20512.0,WHSC1,,,13960.0,,4.0,1,0
STK40 c.1115A>G,,0.999980118098495,0.8139138065522621,2.452076833073323,20512.0,STK40,58048.0,2.829953198127925,50297.00000000001,0.8664725744211688,5.0,1,0
NF1_0 c.5242C>T,,0.9975735031470556,0.8764138065522621,3.958024570982839,20512.0,NF1_0,119828.0,5.8418486739469575,81187.0,0.6775294588910772,4.0,1,0
PIK3CA c.1357G>A,,0.9999728105712499,0.7316205148205929,1.7930479719188768,20512.0,PIK3CA,34895.5,1.701223673946958,36779.0,1.053975440959436,3.0,1,0
NF1_0 c.4537C>T,,0.9997727084883048,0.7623829953198128,2.359399375975039,20512.0,NF1_0,119828.0,5.8418486739469575,48396.0,0.40387889308008146,4.0,1,0
PPP2R1A c.1187G>A,,0.999963837558312,0.6054504680187207,1.3481376755070202,20512.0,PPP2R1A,,,27653.0,,3.0,1,0
FAT1 c.6137C>T,,0.9994205239867949,0.797386895475819,2.776326053042122,20512.0,FAT1,163709.0,7.981132995319813,56948.00000000001,0.3478611438589204,4.0,1,0
PTEN c.892C>T,,0.9997680813703078,0.9763553042121685,11.771840873634945,20512.0,PTEN,209177.0,10.19778666146646,241464.0,1.154352533978401,4.0,1,0
EP300 c.4933C>T,,0.9996636394214599,0.5331025741029641,1.014576833073323,20512.0,EP300,,,20811.0,,6.0,1,0
NSD1 c.5660C>T,,0.9985782906360424,0.8625682527301092,3.5319812792511702,20512.0,NSD1,168562.0,8.217726209048362,72448.0,0.429800310864845,3.0,1,0
BRCA1 c.1593G>A,,1.0,0.6640503120124805,1.547289391575663,20512.0,BRCA1,127982.0,6.239372074882995,31737.999999999996,0.24798799831226262,5.0,1,0
AMER1 c.469_471,,1.0,0.3113787051482059,0.4611934477379095,20512.0,AMER1,21398.0,1.0431942277691109,9460.0,0.4420973922796523,8.0,1,0
AKT3 c.531G>C,,1.0,0.3309769890795632,1.1496197347893915,20512.0,AKT3,39568.0,1.9290171606864275,23581.0,0.5959613829357057,5.0,1,0
CCNE1 c.718C>T,,0.9985560645289783,0.4268233229329173,0.9791341653666147,20512.0,CCNE1,53367.0,2.6017453198127924,20084.0,0.37633743699289823,4.0,1,0
FANCC c.262A>G,,0.9998131888660564,0.3493564742589704,0.5219383775351014,20512.0,FANCC,18751.0,0.9141478159126365,10706.0,0.5709562156684976,4.0,1,0
PIK3C3 c.951G>T,,1.0,0.3698322932917317,0.5147718408736349,20512.0,PIK3C3,40693.0,1.983863104524181,10559.0,0.2594795173617084,3.0,1,0
CCNE1 c.187del,,0.9988654985503592,0.44920046801872077,1.1602476599063962,20512.0,CCNE1,53367.0,2.6017453198127924,23799.0,0.4459497442239586,4.0,1,0
RBM10 c.2116C>T,,0.9999222230864101,0.9263358034321373,4.3877242589703584,20512.0,RBM10,117042.0,5.7060257410296416,90000.99999999999,0.7689632781394712,3.0,1,0
KEAP1 c.212G>C,,1.0,0.5168194227769111,1.0567960218408736,20512.0,KEAP1,127386.0,6.2103159126365055,21677.0,0.17016783633994317,4.0,1,1
PTEN c.697C>T_0,,0.9996061053668144,0.47718408736349455,0.9901521060842434,20512.0,PTEN,209177.0,10.19778666146646,20310.0,0.09709480487816538,4.0,2,0
ATR c.7487A>G,,0.9999531879037543,0.5727379095163807,1.0414391575663027,20512.0,ATR,62469.0,3.0454855694227767,21362.0,0.3419616129600282,3.0,1,0
BCOR c.2859A>T,,1.0,0.7772523400936038,3.30957488299532,20512.0,BCOR,178912.0,8.722308892355695,67886.0,0.3794379359685208,4.0,1,0
NF1 c.6307_6307,,1.0,0.5517745709828393,1.0376365054602184,20512.0,NF1,133685.0,6.5174044461778475,21284.0,0.15921008340501927,4.0,1,0
RFWD2 c.1847C>T,,0.9986673052495679,0.764674336973479,2.341214898595944,20512.0,RFWD2,,,48023.0,,4.0,1,0
GSK3B c.637_639,,1.0,0.53198127925117,1.06103744149766,20512.0,GSK3B,188054.0,9.167999219968799,21764.0,0.11573271507120295,7.0,1,0
ARID1A c.3415G>T,,1.0,0.718164976599064,2.182819812792512,20512.0,ARID1A,236404.0,11.52515600624025,44774.0,0.18939611850899307,4.0,1,0
EP300 c.6787C>T,,0.9987345602596902,0.7146548361934477,1.7721821372854913,20512.0,EP300,,,36351.0,,3.0,1,0
CREBBP c.1052G>A,,0.9999873619290751,0.8400936037441498,3.857546801872075,20512.0,CREBBP,,,79126.0,,4.0,1,0
PBRM1 c.703_705,,1.0,0.5029738689547582,0.8949882995319812,20512.0,PBRM1,106997.0,5.2163124024961,18358.0,0.17157490396927016,7.0,1,0
SF3B1 c.1781G>A,,0.9999321458863444,0.6481084243369735,1.436963728549142,20512.0,SF3B1,,,29475.0,,6.0,1,0
CHEK1 c.1303G>A,,0.9999677627337202,0.6932527301092044,1.5122854914196568,20512.0,CHEK1,80691.0,3.9338436037441498,31020.0,0.38442949027772616,4.0,1,0
GSK3B c.337C>T,,0.995774647887324,0.2630655226209048,0.3461388455538221,20512.0,GSK3B,188054.0,9.167999219968799,7099.999999999999,0.03775511289310517,3.0,1,1
CDK8 c.967C>T,,0.9955522609340252,0.7717433697347894,1.9729914196567864,20512.0,CDK8,,,40470.0,,4.0,1,0
NF1 c.2166_2167dup,,1.0,0.3527203588143526,0.5689352574102964,20512.0,NF1,133685.0,6.5174044461778475,11670.0,0.08729476007031454,5.0,1,0
ATRX c.4744dup,,0.8199384123551398,0.7570202808112324,2.0739567082683306,20512.0,ATRX,128205.5,6.250268135725429,42541.0,0.3318188377253706,4.0,1,0
ATM c.1315C>A,,1.0,0.6549336973478939,1.388163026521061,20512.0,ATM,56642.0,2.7614079563182528,28474.000000000004,0.5027011758059391,5.0,1,0
PTEN c.517C>T,,0.9995036165082967,0.6906688767550702,2.0625,20512.0,PTEN,209177.0,10.19778666146646,42306.0,0.2022497693341046,4.0,1,0
MTOR c.479G>A,,1.0,0.5210120904836193,1.0066302652106085,20512.0,MTOR,98587.0,4.8063085023400935,20648.0,0.20943937841703267,5.0,1,0
WHSC1L1 c.1558G>A,,0.9998487013532823,0.8445787831513261,2.9000097503900157,20512.0,WHSC1L1,,,59485.0,,4.0,1,0
PTPN11 c.226G>A,,0.9999676323029616,0.8162539001560063,3.012382995319813,20512.0,PTPN11,277607.0,13.533882605304212,61790.0,0.22258084270209325,6.0,1,0
CTNNB1 c.634C>T,,0.999784133837021,0.3938670046801872,0.9033736349453978,20512.0,CTNNB1,578750.0,28.215191107644305,18530.0,0.03201727861771058,5.0,1,0
FAT1 c.5285C>T,,0.99844495127514,0.3237129485179407,0.4702613104524181,20512.0,FAT1,163709.0,7.981132995319813,9646.0,0.05892162312395775,5.0,1,0
MITF c.677T>C,,0.9999513073964065,0.33507215288611547,1.00121879875195,20512.0,MITF,,,20537.0,,4.0,1,0
NF1_1 c.7817A>G,,0.9998637107032528,0.7402983619344774,2.1462558502340094,20512.0,NF1_1,,,44024.0,,5.0,1,0
FBXW7 c.1394G>A,,1.0,0.3841653666146646,0.5352964118564743,20512.0,FBXW7,,,10980.0,,4.0,1,0
MSH2 c.1300G>A,,0.9998799663905894,0.3852866614664587,0.812304992199688,20512.0,MSH2,,,16662.0,,4.0,1,0
NF1_1 c.1318C>T,,0.9991357307801381,0.8574492979719188,3.610130655226209,20512.0,NF1_1,,,74051.0,,6.0,1,0
MTOR c.3690G>T,,1.0,0.4299434477379095,0.9014723088923557,20512.0,MTOR,98587.0,4.8063085023400935,18491.0,0.18756022599328512,8.0,1,0
NF1_0 c.1381C>T,,0.999023199023199,0.6393818252730109,1.5971138845553823,20512.0,NF1_0,119828.0,5.8418486739469575,32760.0,0.27339186166839136,4.0,1,0
ARAF c.1039C>A,,1.0,0.48708073322932915,0.9741127145085804,20512.0,ARAF,105714.0,5.153763650546022,19981.0,0.18900997029721703,3.0,1,0
PTEN c.830C>T,,0.9996986196781258,0.8693935257410297,4.8528666146645865,20512.0,PTEN,209177.0,10.19778666146646,99542.0,0.47587449863034653,6.0,1,0
ARID2 c.368C>A,,1.0,0.8010432917316692,2.2921216848673946,20512.0,ARID2,78357.0,3.8200565522620904,47016.0,0.6000229717829932,3.0,1,0
UPF1 c.494G>A,,0.9999459970298367,0.7091458658346333,1.8055284711388455,20512.0,UPF1,,,37035.0,,3.0,1,1
PIK3R2 c.431C>G,,1.0,0.6026716068642746,1.6454758190327614,20512.0,PIK3R2,,,33752.0,,4.0,1,0
NFE2L2 c.83T>G,,0.9999842638635362,0.8158638845553822,3.098088923556942,20512.0,NFE2L2,201281.0,9.812841263650546,63548.0,0.31571782731604076,4.0,1,1
MET c.1969C>T,,0.9997466807730707,0.4723576443057722,3.2716946177847115,20512.0,MET,,,67109.0,,3.0,1,0
EPHA3 c.394G>T,,1.0,0.19686037441497659,0.3326345553822153,20512.0,EPHA3,15898.0,0.7750585023400937,6823.000000000001,0.42917348094099894,4.0,1,0
ATRX c.1617G>T,,1.0,0.6902301092043682,1.6750682527301093,20512.0,ATRX,128205.5,6.250268135725429,34359.0,0.2679994228016739,3.0,1,0
MGA c.5270G>A,,0.9998950351632203,0.32722308892355695,0.4644598283931357,20512.0,MGA,63492.0,3.0953588143525743,9527.0,0.15005040005040005,4.0,1,0
MDC1 c.898G>A,,1.0,0.6293876755070202,1.4646060842433697,20512.0,MDC1,92747.0,4.521597113884555,30042.0,0.32391344194421384,4.0,1,0
RFWD2 c.1069C>T,,0.9958894172644475,0.3943545241809672,0.6048654446177847,20512.0,RFWD2,,,12407.0,,4.0,1,1
RPS6KB2 c.359G>A,,0.9999656034304846,0.9082000780031201,4.252047581903276,20512.0,RPS6KB2,,,87218.0,,4.0,1,0
APC c.3920T>A,,0.9999503992857497,0.7233814352574103,1.9657761310452417,20512.0,APC,,,40322.0,,4.0,1,0
PREX2 c.4754G>A,,1.0,0.050848283931357256,0.058258580343213726,20512.0,PREX2,10669.0,0.5201345553822153,1195.0,0.11200674852376043,5.0,1,0
PBRM1 c.2534T>C,,0.9999660054731189,0.8600331513260531,2.8682234789391576,20512.0,PBRM1,106997.0,5.2163124024961,58833.0,0.5498565380337767,8.0,1,0
CDK12 c.2230G>T,,1.0,0.6444032761310452,1.5244247269890796,20512.0,CDK12,173985.0,8.482108034321373,31269.0,0.17972238986119493,6.0,1,0
ASXL1 c.2915G>A,,0.9998060135790494,0.93823127925117,5.528958658346334,20512.0,ASXL1,,,113410.0,,3.0,1,0
EP300 c.4586G>A,,0.9999838321126578,0.8396548361934477,3.015356864274571,20512.0,EP300,,,61851.00000000001,,4.0,1,0
PRKD1 c.891G>C,,1.0,0.11963728549141965,0.1624902496099844,20512.0,PRKD1,5965.0,0.2908053822152886,3333.0,0.5587594300083822,3.0,1,0
NF1_0 c.7846C>T,,0.9983828285798294,0.6166634165366615,1.326443057722309,20512.0,NF1_0,119828.0,5.8418486739469575,27208.0,0.22705878425743567,4.0,1,0
PTPRD c.5677T>A,,1.0,0.09735764430577223,0.13699297971918878,20512.0,PTPRD,8182.0,0.39888845553822155,2810.0000000000005,0.34343681251527747,3.0,1,0
BRCA1 c.4636G>A,,0.9999059914765606,0.6608814352574103,1.5557722308892357,20512.0,BRCA1,127982.0,6.239372074882995,31912.000000000004,0.24934756450125803,4.0,1,0
TP53 c.584T>C,,0.9999546731937268,0.4002535101404056,1.0755655226209049,20512.0,TP53,224615.0,10.950419266770671,22062.0,0.09822140106404292,2.0,2,1
PREX2 c.1063G>A,,1.0,0.1952028081123245,0.2985569422776911,20512.0,PREX2,10669.0,0.5201345553822153,6123.999999999999,0.5739994376230199,3.0,1,0
PTEN c.955_958del,,0.9874116459104678,0.5996002340093604,1.4484204368174727,20512.0,PTEN,209177.0,10.19778666146646,29710.0,0.14203282387643001,9.0,1,0
PIK3CA c.2908G>A,,0.9999536199619684,0.5738592043681747,1.0511407956318253,20512.0,PIK3CA,34895.5,1.701223673946958,21561.0,0.6178733647604993,3.0,1,0
ASXL2 c.4157C>T,,0.9993511910278988,0.5559184867394695,1.0519695787831513,20512.0,ASXL2,,,21578.0,,4.0,1,0
PTPRD c.349C>T,,0.9851492427584179,0.1672679407176287,0.3315620124804992,20512.0,PTPRD,8182.0,0.39888845553822155,6801.0,0.8312148618919579,2.0,1,1
SHOC2 c.1549_1551,,1.0,0.4701150546021841,0.8515015600624025,20512.0,SHOC2,77882.0,3.796899375975039,17466.0,0.22426234559975347,5.0,1,0
CTCF c.443C>T,,0.9871415782763204,0.8955733229329174,3.594286271450858,20512.0,CTCF,,,73726.0,,3.0,1,0
TET1 c.3681G>T,,1.0,0.36047191887675506,0.7399083463338534,20512.0,TET1,34488.0,1.6813572542901716,15177.0,0.4400661099512874,4.0,1,0
PTEN c.388C>T,,0.9991239170641487,0.6237812012480499,1.5024863494539782,20512.0,PTEN,209177.0,10.19778666146646,30819.0,0.14733455399016143,3.0,2,0
XPO1 c.1658G>A,,0.9999882358477248,0.8860666926677067,4.144110764430577,20512.0,XPO1,,,85004.0,,4.0,1,0
PIK3CB c.2704A>G,,1.0,0.26150546021840876,0.3926482059282371,20512.0,PIK3CB,75734.0,3.692180187207488,8054.0,0.10634589484247498,5.0,1,0
ARID1B c.6677C>T,,0.9994321945679947,0.7515600624024961,2.0606474258970358,20512.0,ARID1B,99058.0,4.829270670826833,42268.0,0.426699509378344,5.0,1,0
POLE c.4555C>T,,0.9984796404019037,0.6214411076443058,1.4750390015600625,20512.0,POLE,134509.0,6.557576053042122,30256.000000000004,0.22493662134132292,5.0,1,0
SH2B3 c.1064C>T,,0.9997833152762731,0.32502925117004683,0.4499804992199688,20512.0,SH2B3,,,9230.0,,4.0,1,0
ATM c.4049C>T,,0.9994912159937749,0.7128022620904836,1.6289489079563182,20512.0,ATM,56642.0,2.7614079563182528,33413.0,0.5898979555806645,4.0,1,0
KMT2C c.6196C>T,,0.9988965560114386,0.8222503900156006,3.1368954758190326,20512.0,KMT2C,83023.0,4.047533151326053,64344.0,0.7750141527046722,4.0,1,0
EPHA3 c.340G>T,,1.0,0.1955440717628705,0.33819227769110766,20512.0,EPHA3,15898.0,0.7750585023400937,6937.0,0.436344194238269,6.0,1,0
ERCC4 c.1069A>C,,1.0,0.004192667706708268,0.004241419656786272,20512.0,ERCC4,,,87.00000000000001,,4.0,1,0
PIK3CB c.882A>C,,1.0,0.7977769110764431,2.8326833073322932,20512.0,PIK3CB,75734.0,3.692180187207488,58104.0,0.7672115562363008,3.0,1,0
KMT2D c.11214_11222del,,0.6481047284095349,0.18969383775351015,0.24951248049921998,20512.0,KMT2D,11472.0,0.5592823712948518,5118.0,0.44612970711297073,13.0,1,0
PPARG c.1153C>T,,0.9971745027124774,0.3465776131045242,0.8627145085803433,20512.0,PPARG,,,17696.0,,4.0,1,0
ARID1B c.4184A>T,,1.0,0.5085315912636506,0.9579758190327613,20512.0,ARID1B,99058.0,4.829270670826833,19650.0,0.1983686325183226,5.0,1,0
BCOR c.4982G>A,,1.0,0.547825663026521,1.5522133385335413,20512.0,BCOR,178912.0,8.722308892355695,31839.0,0.17795899660168127,4.0,1,0
TP53 c.818G>A,,0.9999311697697629,0.4765990639625585,1.4165854134165368,20512.0,TP53,224615.0,10.950419266770671,29057.000000000004,0.12936357767735907,4.0,2,0
CTNNB1 c.2266C>G,,1.0,0.31635140405616224,0.5219383775351014,20512.0,CTNNB1,578750.0,28.215191107644305,10706.0,0.018498488120950323,5.0,1,0
SETDB1 c.1205A>G,,1.0,0.5696665366614665,1.2163124024960998,20512.0,SETDB1,76374.0,3.7233814352574104,24949.0,0.3266687616204467,5.0,1,0
BRCA2 c.5381T>C,,1.0,0.14318447737909518,0.16809672386895474,20512.0,BRCA2,,,3447.9999999999995,,6.0,1,0
EPHA3 c.1564C>T,,0.998873556744579,0.12339118564742589,0.17311817472698907,20512.0,EPHA3,15898.0,0.7750585023400937,3550.9999999999995,0.2233614291105799,5.0,1,0
PTEN c.310T>G,,1.0,0.6083755850234009,1.3882117784711387,20512.0,PTEN,209177.0,10.19778666146646,28474.999999999996,0.13612873308250906,5.0,2,0
SETD2 c.6362G>A,,0.9999462047447415,0.5242784711388455,0.90625,20512.0,SETD2,,,18589.0,,7.0,1,0
PIK3R3 c.826C>T,,0.9986934673366834,0.6487909516380655,1.9403276131045242,20512.0,PIK3R3,,,39800.0,,3.0,1,0
EPHA3 c.872C>T,,1.0,0.02691107644305772,0.029933697347893917,20512.0,EPHA3,15898.0,0.7750585023400937,614.0,0.038621210215121396,5.0,1,0
KDM6A c.2800G>A,,0.9999021175242259,0.5822932917316692,1.4941985179407176,20512.0,KDM6A,,,30649.0,,4.0,1,0
ATM c.1914dup,,0.8384740036804087,0.7390308112324493,1.7750097503900155,20512.0,ATM,56642.0,2.7614079563182528,36409.0,0.6427915680943469,3.0,1,0
RAD50 c.1076G>A,,0.9999478569193868,0.7289879095163807,1.8699297971918876,20512.0,RAD50,,,38356.0,,4.0,1,0
ARID2 c.766T>G,,0.9998739919354839,0.452661856474259,0.7737909516380655,20512.0,ARID2,78357.0,3.8200565522620904,15872.0,0.2025600775935781,4.0,1,0
TGFBR1 c.1477_1479,,1.0,0.6147620904836193,1.3382897815912635,20512.0,TGFBR1,91623.0,4.46679992199688,27450.999999999996,0.2996081769861279,5.0,1,0
EZH2 c.1011G>T,,1.0,0.5284711388455539,0.9354524180967239,20512.0,EZH2,,,19188.0,,4.0,1,1
ATM c.8198A>C,,1.0,0.6347991419656787,1.2571665366614664,20512.0,ATM,56642.0,2.7614079563182528,25787.0,0.45526287913562374,4.0,1,0
BRCA2 c.1012G>A,,1.0,0.09774765990639625,0.11042316692667707,20512.0,BRCA2,,,2265.0,,4.0,1,0
CCNE1 c.1120_1122,,1.0,0.43784126365054604,1.015405616224649,20512.0,CCNE1,53367.0,2.6017453198127924,20828.0,0.39027863661063955,6.0,1,1
INPP4A c.1657C>T,,1.0,0.055820982839313575,0.06191497659906396,20512.0,INPP4A,53559.0,2.6111056942277693,1270.0,0.023712167889617056,6.0,1,0
ANKRD11 c.913G>A,,0.9975706043121774,0.3829465678627145,0.5971138845553822,20512.0,ANKRD11,,,12247.999999999998,,4.0,1,0
BRCA1 c.3644A>G,,1.0,0.3585218408736349,0.5903373634945398,20512.0,BRCA1,127982.0,6.239372074882995,12109.0,0.09461486771577253,4.0,1,0
UPF1 c.1804G>A,,1.0,0.5353451638065523,1.0970651326053042,20512.0,UPF1,,,22503.0,,5.0,1,0
MGA c.7615G>A,,1.0,0.6838923556942278,1.6676579563182528,20512.0,MGA,63492.0,3.0953588143525743,34207.0,0.5387607887607888,6.0,1,0
AKT2 c.97G>A,,0.9999750049990002,0.7356669266770671,1.9504680187207488,20512.0,AKT2,,,40008.0,,4.0,1,0
RB1 c.772_776del,,0.9999870767640218,0.7736934477379095,3.7724258970358813,20512.0,RB1,184544.0,8.996879875195008,77380.0,0.41930379746835444,8.0,1,0
FLT1 c.838C>T,,0.9983515090032969,0.2624804992199688,0.3844578783151326,20512.0,FLT1,,,7886.0,,4.0,1,0
FAM175A c.837dup,,0.9936406995230525,0.3577418096723869,0.4906396255850234,20512.0,FAM175A,,,10064.0,,3.0,1,0
POLE c.5560G>A,,1.0,0.12314742589703588,0.14128315132605304,20512.0,POLE,134509.0,6.557576053042122,2898.0,0.02154502672683612,5.0,2,0
FUBP1 c.1624G>A,,0.9999475643647423,0.5127730109204368,0.9297484399375975,20512.0,FUBP1,,,19071.0,,4.0,1,0
MAPKAP1 c.230A>T,,1.0,0.48137675507020283,0.9751852574102964,20512.0,MAPKAP1,,,20003.0,,5.0,1,0
CIC c.3583G>A,,1.0,0.514674336973479,0.9129290171606864,20512.0,CIC,,,18726.0,,3.0,1,0
NUF2 c.166G>A,,1.0,0.26374804992199685,0.4857156786271451,20512.0,NUF2,,,9963.0,,4.0,1,0
FANCA c.3482C>T,,0.9989114658925979,0.28827028081123246,0.4030811232449298,20512.0,FANCA,,,8268.0,,4.0,1,0
SOS1 c.1444G>C,,1.0,0.4171216848673947,0.7370807332293292,20512.0,SOS1,36692.0,1.7888065522620904,15119.0,0.41205167338929466,5.0,1,0
ARID2 c.4483del,,1.0,0.23859204368174727,0.3579368174726989,20512.0,ARID2,78357.0,3.8200565522620904,7342.0,0.09369935040902536,6.0,1,0
ABL1 c.1766G>A,,1.0,0.30070202808112323,0.4227281591263651,20512.0,ABL1,213869.0,10.42653081123245,8671.0,0.04054351027965717,4.0,1,0
POLE c.2933A>G,,0.9999230177059276,0.3949882995319813,0.6332878315132605,20512.0,POLE,134509.0,6.557576053042122,12990.0,0.09657346348571472,4.0,1,0
IDH1 c.395G>A,,1.0,0.2107059282371295,0.3358034321372855,20512.0,IDH1,,,6888.0,,4.0,1,0
MAP3K13 c.1394C>T,,0.997808619430241,0.059184867394695785,0.06674141965678627,20512.0,MAP3K13,,,1369.0,,3.0,1,0
CHEK1 c.878A>G,,0.9998768624553627,0.30026326053042124,0.39591458658346335,20512.0,CHEK1,80691.0,3.9338436037441498,8121.0,0.10064319440829832,4.0,2,0
ERRFI1 c.1022dup,,1.0,0.2736446957878315,0.5013650546021841,20512.0,ERRFI1,62221.0,3.033395085803432,10284.0,0.1652818180357114,5.0,2,0
FGFR4 c.2336A>T,,1.0,0.12704758190327614,0.17155811232449297,20512.0,FGFR4,17247.0,0.8408248829953198,3519.0,0.20403548443207514,5.0,1,0
STK11 c.493G>T,,0.9999163529903806,0.500585023400936,1.1656591263650546,20512.0,STK11,114623.0,5.588094773790951,23910.0,0.20859687846243774,3.0,1,0
ARID2 c.3493C>T,,1.0,0.19320397815912638,0.2801287051482059,20512.0,ARID2,78357.0,3.8200565522620904,5746.0,0.07333103615503402,10.0,1,0
MED12 c.245G>A,,0.9998973305954826,0.31883775351014043,0.4748439937597504,20512.0,MED12,,,9740.0,,6.0,1,0
STK11 c.256C>T,,0.9988829055912007,0.5747854914196567,1.7020280811232449,20512.0,STK11,114623.0,5.588094773790951,34912.0,0.30458110501382796,5.0,1,1
NOTCH1 c.2282C>T,,0.9998484618881649,0.2485861934477379,0.3217141185647426,20512.0,NOTCH1,51285.0,2.50024375975039,6599.0,0.12867310129667545,5.0,1,0
BCOR c.2538_2539delinsAT,,1.0,0.2623829953198128,0.43632995319812795,20512.0,BCOR,178912.0,8.722308892355695,8950.0,0.05002459309604722,4.0,1,0
KRAS c.436G>A,,0.9998626750892612,0.2780323712948518,0.3550117004680187,20512.0,KRAS,113282.0,5.52271840873635,7282.0,0.06428205716706979,3.0,1,0
EZH1 c.902G>A,,1.0,0.009506630265210609,0.009604134165366615,20512.0,EZH1,,,197.0,,8.0,1,0
APC c.596C>T,,0.9992571131416685,0.40600624024960996,0.65625,20512.0,APC,,,13461.0,,6.0,1,0
SMARCA4 c.2918G>T,,1.0,0.8549629485179407,2.8202028081123247,20512.0,SMARCA4,352301.0,17.17536076443058,57848.00000000001,0.16420049900511213,4.0,1,0
DNMT3A c.1463G>A,,1.0,0.312109984399376,0.4227281591263651,20512.0,DNMT3A,,,8671.0,,5.0,1,0
PIK3CA c.113G>A,,0.9997162583940226,0.35408541341653665,0.515454368174727,20512.0,PIK3CA,34895.5,1.701223673946958,10573.0,0.3029903569228124,4.0,1,0
PIK3R1 c.1685G>A,,1.0,0.6197347893915757,1.8104036661466458,20512.0,PIK3R1,24804.0,1.2092433697347893,37135.0,1.497137558458313,4.0,1,0
CREBBP c.1855G>A,,1.0,0.3407761310452418,0.625341263650546,20512.0,CREBBP,,,12827.0,,6.0,1,0
NTHL1 c.125G>A,,1.0,0.30533346333853356,0.5212070982839313,20512.0,NTHL1,99095.0,4.831074492979719,10690.999999999998,0.10788637166355515,5.0,1,0
PIK3CB c.3151G>A,,0.9997850386930353,0.29256045241809675,0.453588143525741,20512.0,PIK3CB,75734.0,3.692180187207488,9304.0,0.12285103124092217,4.0,1,0
AGO2 c.2318G>A,,1.0,0.6046704368174727,1.4192180187207488,20512.0,AGO2,163815.0,7.986300702028081,29111.0,0.1777065592283979,4.0,1,0
TET2 c.4954C>T,,1.0,0.11749219968798752,0.1546411856474259,20512.0,TET2,74338.0,3.624122464898596,3172.0,0.04266996690790713,5.0,1,0
BRIP1 c.752G>A,,0.9984261528430425,0.44603159126365055,2.1683404836193447,20512.0,BRIP1,237095.0,11.55884360374415,44477.0,0.18759147177291802,4.0,1,0
PTPN11 c.854T>C,,0.9998314227916386,0.2329855694227769,0.2891965678627145,20512.0,PTPN11,277607.0,13.533882605304212,5932.0,0.0213683372537436,4.0,1,0
ATM c.2545G>T,,1.0,0.37514625585023403,0.5351989079563183,20512.0,ATM,56642.0,2.7614079563182528,10978.000000000002,0.1938137777620847,5.0,1,0
KEAP1 c.1165G>A,,1.0,0.09145865834633385,0.12212363494539781,20512.0,KEAP1,127386.0,6.2103159126365055,2505.0,0.019664641326362396,5.0,1,0
RB1 c.1032G>T,,1.0,0.657371294851794,1.5623049921996879,20512.0,RB1,184544.0,8.996879875195008,32045.999999999996,0.17364964452921794,4.0,1,0
KMT2A c.1471_1473,,1.0,0.4126365054602184,0.7363494539781591,20512.0,KMT2A,98248.0,4.78978159126365,15104.0,0.15373340933148766,6.0,1,0
PIK3R1 c.581del,,1.0,0.5927262090483619,1.6956415756630265,20512.0,PIK3R1,24804.0,1.2092433697347893,34781.0,1.4022335107240769,5.0,1,0
HIST1H3I c.226G>A,,0.9999847195269166,0.43184477379095165,3.1904738689547583,20512.0,HIST1H3I,,,65443.0,,4.0,1,0
BMPR1A c.850C>T,,0.998816768086545,0.3841653666146646,0.5768330733229329,20512.0,BMPR1A,,,11832.0,,4.0,1,0
MAP3K1 c.746G>A,,1.0,0.20139430577223089,0.3488202028081123,20512.0,MAP3K1,,,7155.0,,4.0,1,0
MTOR c.4445G>A,,1.0,0.17833463338533542,0.23357059282371295,20512.0,MTOR,98587.0,4.8063085023400935,4791.0,0.048596670960674326,5.0,1,0
SMARCA4 c.1652C>T,,0.9991371088605295,0.4797679407176287,1.0734691887675507,20512.0,SMARCA4,352301.0,17.17536076443058,22019.0,0.06250053221534994,4.0,1,0
RAD54L c.605G>A,,1.0,0.28992784711388453,0.4485666926677067,20512.0,RAD54L,,,9201.0,,5.0,1,0
CHEK1 c.851C>T,,0.9993108480622669,0.6005752730109204,1.202613104524181,20512.0,CHEK1,80691.0,3.9338436037441498,24668.0,0.30570943475728396,4.0,2,0
KLF4 c.1186del,,0.9998534476441708,0.4109789391575663,2.661271450858034,20512.0,KLF4,152753.0,7.447006630265211,54588.0,0.3573612302213377,4.0,1,1
IDH2 c.1033G>C,,1.0,0.47109009360374415,1.689108814352574,20512.0,IDH2,340808.0,16.615054602184088,34647.0,0.10166134597779394,6.0,1,0
RARA c.823A>C,,1.0,0.2077320592823713,0.328149375975039,20512.0,RARA,96854.0,4.721821372854914,6731.0,0.0694963553389638,5.0,1,0
DDR2 c.1466G>A,,1.0,0.15386115444617784,0.3139625585023401,20512.0,DDR2,,,6440.000000000001,,4.0,1,0
MDC1 c.1348G>A,,1.0,0.2943155226209048,0.4471041341653666,20512.0,MDC1,92747.0,4.521597113884555,9171.0,0.09888190453599577,5.0,1,0
AURKA c.158del,,1.0,0.09038611544461779,0.1390893135725429,20512.0,AURKA,230660.0,11.2451248049922,2853.0,0.012368854591173156,5.0,1,0
STK11 c.97G>T,,1.0,0.3631045241809672,0.6838923556942278,20512.0,STK11,114623.0,5.588094773790951,14028.0,0.12238381476666986,5.0,1,0
PLCG2 c.2638_2640,,1.0,0.03934282371294852,0.04475429017160686,20512.0,PLCG2,8025.0,0.39123439937597504,918.0,0.11439252336448598,5.0,1,0
FGFR3 c.841G>A,,0.999688376441259,0.10701053042121685,0.156445007800312,20512.0,FGFR3,,,3209.0,,4.0,1,0
ATM c.6056A>G,,1.0,0.14084438377535102,0.1858911856474259,20512.0,ATM,56642.0,2.7614079563182528,3813.0,0.06731753822252039,5.0,1,0
TP53 c.595_597,,1.0,0.07561427457098284,0.08565717628705148,20512.0,TP53,224615.0,10.950419266770671,1757.0,0.007822273668276829,4.0,2,1
MGA c.8371G>A,,1.0,0.5803919656786272,1.219140015600624,20512.0,MGA,63492.0,3.0953588143525743,25007.0,0.39386064386064384,4.0,1,0
POLE c.3614C>T,,1.0,0.12158736349453979,0.14235569422776911,20512.0,POLE,134509.0,6.557576053042122,2920.0,0.02170858455568029,5.0,1,0
MDM4 c.1363G>A,,1.0,0.18199102964118566,0.23542316692667706,20512.0,MDM4,28999.0,1.4137578003120126,4829.0,0.16652298355115694,5.0,1,0
PTPRD c.955G>T,,1.0,0.08726599063962559,0.11773595943837753,20512.0,PTPRD,8182.0,0.39888845553822155,2415.0,0.29516010755316546,5.0,1,0
PTPRS c.2488G>A,,0.9999167845552135,0.3575955538221529,0.5858521840873635,20512.0,PTPRS,64190.0,3.1293876755070205,12017.0,0.18720984577036923,5.0,1,0
RPTOR c.2258C>T,,0.9986666666666667,0.1451833073322933,0.1828198127925117,20512.0,RPTOR,78442.0,3.824200468018721,3750.0,0.04780602228398052,4.0,1,0
TP53 c.659A>G,,0.9998590953924194,0.2204563182527301,0.34599258970358815,20512.0,TP53,224615.0,10.950419266770671,7097.0,0.03159628697994346,2.0,1,1
CDKN2A c.41A>T,,1.0,0.3935744929797192,1.7237226989079564,20512.0,CDKN2A,1049530.0,51.16663416536662,35357.0,0.03368841290863529,3.0,1,0
MST1 c.494G>A,,1.0,0.14591458658346335,0.17448322932917318,20512.0,MST1,,,3579.0000000000005,,3.0,1,1
ATRX c.6338_6341del,,0.9926369526801492,0.6443545241809673,1.4897620904836193,20512.0,ATRX,128205.5,6.250268135725429,30558.0,0.23835170878004452,7.0,1,0
AKT3 c.224_225delinsTT,,1.0,0.10169656786271451,0.14957098283931358,20512.0,AKT3,39568.0,1.9290171606864275,3068.0,0.07753740396279822,4.0,1,0
SOX9 c.253G>A,,1.0,0.1377730109204368,0.21592238689547583,20512.0,SOX9,32576.0,1.5881435257410297,4429.0,0.13595898821218075,4.0,1,0
ATM c.6680G>A,,0.9998404085541015,0.24322347893915758,0.30547971918876754,20512.0,ATM,56642.0,2.7614079563182528,6266.0,0.11062462483669362,4.0,1,0
FAT1 c.3097G>T,,1.0,0.34350624024960996,0.516965678627145,20512.0,FAT1,163709.0,7.981132995319813,10604.0,0.06477346999859507,5.0,1,0
SYK c.131G>T,,1.0,0.11832098283931357,0.14152691107644305,20512.0,SYK,,,2903.0,,6.0,1,0
EIF4E c.443G>A,,0.9999724388832235,0.6649765990639626,1.7688670046801873,20512.0,EIF4E,,,36283.0,,4.0,1,0
FOXP1 c.80T>C,,0.9999587645870274,0.5561622464898596,1.1822835413416537,20512.0,FOXP1,147798.0,7.205440717628705,24251.0,0.16408205794395053,3.0,1,1
SPOP c.292_294,,1.0,0.23400936037441497,0.29826443057722307,20512.0,SPOP,116747.0,5.6916439157566305,6118.0,0.05240391616058657,5.0,1,1
PLCG2 c.2965G>A,,1.0,0.2060257410296412,0.26842823712948516,20512.0,PLCG2,8025.0,0.39123439937597504,5506.0,0.6861059190031152,5.0,1,0
PIK3R1 c.1558_1561del,,0.998600690004584,0.640454368174727,2.0207195787831513,20512.0,PIK3R1,24804.0,1.2092433697347893,41449.0,1.6710611191743268,8.0,1,0
ERCC5 c.1642G>A,,0.9999483204134367,0.5198420436817472,0.9433502340093604,20512.0,ERCC5,,,19350.0,,4.0,1,0
EPHB1 c.1123G>A,,1.0,0.03529641185647426,0.041097893915756634,20512.0,EPHB1,1712.0,0.08346333853354135,843.0000000000001,0.4924065420560748,4.0,1,0
PIK3CD c.898C>T,,1.0,0.05967238689547582,0.06406006240249609,20512.0,PIK3CD,,,1313.9999999999998,,6.0,1,0
U2AF1 c.101C>T,,0.9998046547971201,0.6021840873634945,1.7469773790951637,20512.0,U2AF1,743655.0,36.25463143525741,35834.0,0.04818632295889895,5.0,1,0
RUNX1 c.703G>A,,0.999898585264439,0.5734691887675507,1.922874414976599,20512.0,RUNX1,,,39442.0,,3.0,1,0
NCOA3 c.4072_4074,,1.0,0.3940620124804992,3.4167804212168487,20512.0,NCOA3,217048.0,10.581513260530421,70085.0,0.3229009251409826,5.0,1,0
NCOA3 c.949C>T,,0.9996798520204895,0.3661271450858034,2.7410296411856474,20512.0,NCOA3,217048.0,10.581513260530421,56224.0,0.2590394751391397,4.0,1,0
RAC1 c.267A>C,,1.0,0.49297971918876754,3.3513553042121687,20512.0,RAC1,698032.0,34.03042121684867,68743.0,0.09848115845691888,3.0,1,0
PIK3R1 c.1351_1356del,,1.0,0.4032761310452418,0.96875,20512.0,PIK3R1,24804.0,1.2092433697347893,19871.0,0.8011207869698436,12.0,1,0
ESR1 c.1082C>T,,0.9985677597787436,0.14747464898595944,0.9871294851794071,20512.0,ESR1,,,20248.0,,4.0,1,0
IRS2 c.86A>G,,1.0,0.04758190327613104,0.05742979719188768,20512.0,IRS2,,,1178.0,,6.0,1,0
BRIP1 c.3025G>T,,0.9999621527514949,0.3368759750390016,1.2881240249609984,20512.0,BRIP1,237095.0,11.55884360374415,26422.0,0.11144056180012231,3.0,1,0
RET c.2173G>T,,1.0,0.07668681747269891,0.19291146645865834,20512.0,RET,26248.0,1.279641185647426,3957.0,0.15075434318805242,4.0,1,0
EGFR c.323G>A,,0.9999666310731447,0.41322152886115443,2.921996879875195,20512.0,EGFR,94482.0,4.606181747269891,59936.0,0.6343642175229144,3.0,1,0
NCOR1 c.4881G>C,,1.0,0.36953978159126366,0.5883385335413417,20512.0,NCOR1,175026.0,8.532858814352574,12068.0,0.06894975603624605,5.0,1,0
MYD88 c.794T>C,,1.0,0.2374707488299532,0.33658346333853356,20512.0,MYD88,50625.0,2.468067472698908,6904.0,0.1363753086419753,4.0,1,0
PIK3CA c.2702G>T,,1.0,0.19432527301092042,0.24580733229329174,20512.0,PIK3CA,34895.5,1.701223673946958,5042.0,0.144488544368185,4.0,1,0
INPP4B c.1721A>T,,1.0,0.14021060842433697,0.3545241809672387,20512.0,INPP4B,45087.0,2.1980791731669265,7272.0,0.16128817619269412,5.0,1,0
TET2 c.4861C>T,,0.9995527728085868,0.1501560062402496,0.21801872074882994,20512.0,TET2,74338.0,3.624122464898596,4472.0,0.06015765826360677,5.0,1,0
NCOA3 c.2542A>G,,1.0,0.4034711388455538,3.219871294851794,20512.0,NCOA3,217048.0,10.581513260530421,66046.0,0.3042921381445579,4.0,1,0
PIK3CA c.1258T>C,,1.0,0.35696177847113886,0.530616224648986,20512.0,PIK3CA,34895.5,1.701223673946958,10884.0,0.31190268086142914,4.0,1,0
RUNX1 c.986C>T,,0.9990657287315894,0.6559574882995319,2.661271450858034,20512.0,RUNX1,,,54588.0,,4.0,1,0
MAP3K1 c.3590C>T,,0.9992191566892243,0.12631630265210608,0.187304992199688,20512.0,MAP3K1,,,3842.0,,4.0,1,0
TET2 c.1040C>T,,0.9995869475423379,0.15249609984399376,0.2360569422776911,20512.0,TET2,74338.0,3.624122464898596,4842.0,0.06513492426484437,3.0,2,1
PTEN c.463T>C,,1.0,0.08629095163806552,0.10510920436817472,20512.0,PTEN,209177.0,10.19778666146646,2156.0,0.010307060527687078,5.0,1,0
FANCA c.1738G>A,,1.0,0.33692472698907955,0.5360276911076443,20512.0,FANCA,,,10994.999999999998,,5.0,1,0
ATRX c.4464_4471delACTGAGAA,,1.0,0.4630460218408736,0.8143038221528861,20512.0,ATRX,128205.5,6.250268135725429,16703.0,0.13028302217923568,12.0,1,0
PIK3CA c.1633G>A,,0.9917518970636754,0.19895670826833073,0.25731279251170047,20512.0,PIK3CA,34895.5,1.701223673946958,5278.0,0.15125159404507746,5.0,2,0
TGFBR2 c.1021G>A,,1.0,0.48566692667706707,0.9208755850234009,20512.0,TGFBR2,53798.0,2.622757410296412,18889.0,0.35110970668054575,4.0,1,0
HIST1H3D c.386G>A,,0.9998749882801513,0.2546801872074883,1.5599161466458658,20512.0,HIST1H3D,1292373.0,63.005703978159126,31997.0,0.02475833215333344,5.0,1,0
FBXW7 c.1762G>T,,0.9999150382327953,0.40361739469578783,0.5738104524180967,20512.0,FBXW7,,,11770.0,,4.0,1,0
TRAF7 c.946C>T,,0.9985675404669818,0.24059087363494538,0.3403373634945398,20512.0,TRAF7,,,6981.0,,4.0,1,0
IRS1 c.1478G>A,,1.0,0.1767258190327613,0.39961973478939156,20512.0,IRS1,,,8197.0,,3.0,1,0
INSR c.2461G>A,,1.0,0.08048946957878315,0.09521255850234009,20512.0,INSR,,,1953.0,,5.0,1,0
PTEN c.328C>T,,0.9995583038869258,0.09872269890795632,0.11037441497659907,20512.0,PTEN,209177.0,10.19778666146646,2264.0,0.010823369682135224,4.0,2,0
SLX4 c.2911G>C,,1.0,0.10023400936037441,0.11203198127925117,20512.0,SLX4,14481.0,0.7059769890795632,2298.0,0.15869069815620468,5.0,1,0
NUP93 c.1053G>T,,1.0,0.265551872074883,0.3657858814352574,20512.0,NUP93,119231.0,5.81274375975039,7503.0,0.06292826530013168,3.0,1,0
BRIP1 c.485G>A,,1.0,0.10535296411856475,0.22596528861154447,20512.0,BRIP1,237095.0,11.55884360374415,4635.0,0.01954912587781269,8.0,1,0
NCOA3 c.637G>A,,1.0,0.15649375975039,0.47260140405616224,20512.0,NCOA3,217048.0,10.581513260530421,9694.0,0.044662931701743395,6.0,1,0
INPP4B c.2735A>T,,1.0,0.13036271450858034,0.31971528861154447,20512.0,INPP4B,45087.0,2.1980791731669265,6558.0,0.1454521258899461,5.0,1,0
ICOSLG c.387G>T,,1.0,0.07449297971918876,0.09516380655226209,20512.0,ICOSLG,,,1952.0,,4.0,1,0
NUP93 c.1967C>T,,0.9989023051591658,0.4618759750390016,0.7994344773790951,20512.0,NUP93,119231.0,5.81274375975039,16398.0,0.1375313467135225,6.0,1,0
TP53BP1 c.101G>A,,1.0,0.29577808112324494,0.42419071762870514,20512.0,TP53BP1,,,8701.0,,5.0,1,0
TP53 c.817C>T,,0.9980632666236281,0.16736544461778471,0.2265503120124805,20512.0,TP53,224615.0,10.950419266770671,4647.0,0.020688734056051466,4.0,2,0
YAP1 c.358C>T,,0.9993379675604105,0.11110569422776911,0.14727964118564743,20512.0,YAP1,115637.0,5.637529251170047,3021.0,0.026124856231137094,5.0,1,0
RAD51D c.478C>T,,0.9990636704119851,0.27252340093603744,0.36446957878315134,20512.0,RAD51D,,,7476.0,,3.0,1,0
PIK3CA c.3140A>G,,1.0,0.24468603744149767,0.31932527301092045,20512.0,PIK3CA,34895.5,1.701223673946958,6550.0,0.18770328552392143,5.0,1,0
RPTOR c.1733C>G,,1.0,0.3066010140405616,0.4636797971918877,20512.0,RPTOR,78442.0,3.824200468018721,9511.0,0.12124882078478366,4.0,1,0
KIT c.1120G>A,,1.0,0.09877145085803432,0.13801677067082682,20512.0,KIT,,,2830.9999999999995,,5.0,1,0
FLT4 c.640G>A,,1.0,0.053529641185647424,0.06854524180967239,20512.0,FLT4,5857.0,0.2855401716068643,1406.0,0.24005463547891412,2.0,1,1
PTEN c.227_228del,,0.9997345790423612,0.38343408736349455,0.9183892355694228,20512.0,PTEN,209177.0,10.19778666146646,18838.0,0.0900577023286499,6.0,1,0
RICTOR c.1453C>T,,0.9997103967564437,0.13884555382215288,0.16834048361934478,20512.0,RICTOR,,,3453.0,,6.0,1,0
SYK c.845C>T,,0.998165137614679,0.12729134165366615,0.15941887675507022,20512.0,SYK,,,3270.0000000000005,,4.0,1,0
CDKN2B c.91C>T,,0.9975319524019391,0.3026033541341654,1.1061817472698907,20512.0,CDKN2B,,,22690.0,,3.0,1,1
PRKD1 c.716C>T,,1.0,0.14937597503900157,0.21494734789391576,20512.0,PRKD1,5965.0,0.2908053822152886,4409.0,0.7391450125733445,4.0,1,0
TP53 c.1119_1143del,,,0.0,0.0,,TP53,224615.0,,0.0,0.0,30.0,1,0
PLCG2 c.1661C>T,,1.0,0.07268915756630265,0.0813670046801872,20512.0,PLCG2,8025.0,0.39123439937597504,1669.0,0.20797507788161992,5.0,1,0
BARD1 c.1973G>A,,1.0,0.2839313572542902,0.41897425897035884,20512.0,BARD1,,,8594.0,,4.0,1,0
TET2 c.1081C>T,,0.9993089149965446,0.055430967238689545,0.07054407176287052,20512.0,TET2,74338.0,3.624122464898596,1447.0,0.019465145685921063,5.0,2,1
ERCC5 c.1189G>A,,1.0,0.24141965678627145,0.29577808112324494,20512.0,ERCC5,,,6067.0,,4.0,1,0
AXIN1 c.1762G>A,,1.0,0.02422971918876755,0.02642355694227769,20512.0,AXIN1,,,542.0,,5.0,1,0
PIK3CA c.1034A>C,,1.0,0.11754095163806552,0.1313377535101404,20512.0,PIK3CA,34895.5,1.701223673946958,2694.0,0.07720193148113653,4.0,1,0
MAP3K13 c.2659G>A,,1.0,0.02471723868954758,0.02622854914196568,20512.0,MAP3K13,,,538.0,,4.0,1,0
MSH6 c.3261dup,,1.0,0.044803042121684865,0.04875195007800312,20512.0,MSH6,,,1000.0,,3.0,1,0
TSC2 c.2608G>A,,1.0,0.31132995319812795,0.5131630265210608,20512.0,TSC2,,,10526.0,,4.0,1,0
PTPRD c.4847G>T,,1.0,0.053919656786271454,0.06605889235569423,20512.0,PTPRD,8182.0,0.39888845553822155,1355.0,0.165607430945979,5.0,1,0
FLT1 c.1965C>G,,1.0,0.11983229329173167,0.1421119344773791,20512.0,FLT1,,,2915.0,,4.0,1,0
MDC1 c.1099G>T,,1.0,0.28398010920436817,0.47728159126365055,20512.0,MDC1,92747.0,4.521597113884555,9790.0,0.10555597485632959,3.0,1,0
PLCG2 c.2263G>A,,1.0,0.11466458658346333,0.13197152886115446,20512.0,PLCG2,8025.0,0.39123439937597504,2707.0000000000005,0.33732087227414337,3.0,1,1
PTPRS c.4676G>A,,0.9995481247175779,0.09155616224648985,0.10788806552262091,20512.0,PTPRS,64190.0,3.1293876755070205,2213.0,0.034475775042841564,4.0,1,0
SESN2 c.334C>T,,0.9968636513700891,0.18681747269890794,0.2953393135725429,20512.0,SESN2,,,6058.0,,4.0,1,0
KMT2C c.5186C>G,,1.0,0.29285296411856476,0.44261895475819035,20512.0,KMT2C,83023.0,4.047533151326053,9079.0,0.10935523890969973,5.0,1,0
FLT4 c.1669G>T,,1.0,0.004192667706708268,0.004338923556942278,20512.0,FLT4,5857.0,0.2855401716068643,89.0,0.015195492572989584,4.0,1,0
ZFHX3 c.2537G>A,,1.0,0.02934867394695788,0.033833853354134164,20512.0,ZFHX3,,,694.0,,5.0,1,0
CDK12 c.4241C>T,,0.9993664202745512,0.18394110764430577,0.23084048361934478,20512.0,CDK12,173985.0,8.482108034321373,4735.0,0.02721498979797109,5.0,1,0
KMT2A c.478C>T,,0.9974835733258772,0.24332098283931358,0.3487226989079563,20512.0,KMT2A,98248.0,4.78978159126365,7153.0,0.07280555329370572,6.0,1,0
TET2 c.3181C>A,,1.0,0.1747757410296412,0.3018233229329173,20512.0,TET2,74338.0,3.624122464898596,6191.0,0.08328176706395114,5.0,1,0
NOTCH2 c.5041C>A,,1.0,0.2549239469578783,0.4252145085803432,20512.0,NOTCH2,242437.0,11.819276521060843,8722.0,0.035976356744226334,4.0,1,0
KMT2A c.3190C>T,,0.9965850882185544,0.07039781591263651,0.08565717628705148,20512.0,KMT2A,98248.0,4.78978159126365,1757.0,0.01788331569090465,6.0,1,0
PIK3CA c.263G>A,,1.0,0.23786076443057722,0.3077223088923557,20512.0,PIK3CA,34895.5,1.701223673946958,6312.0,0.18088292186671634,4.0,1,0
ERBB4 c.2160G>T,,1.0,0.0968701248049922,0.18871879875195008,20512.0,ERBB4,43999.0,2.1450370514820594,3871.0,0.08797927225618764,5.0,1,0
ERBB4 c.2834G>T,,1.0,0.08243954758190328,0.1451833073322933,20512.0,ERBB4,43999.0,2.1450370514820594,2978.0,0.06768335643991909,5.0,1,0
ERBB3 c.2785C>T,,0.9993348852677086,0.08263455538221529,0.14659711388455537,20512.0,ERBB3,,,3007.0,,4.0,1,0
EGFR c.685A>T,,1.0,0.18715873634945399,0.3809964898595944,20512.0,EGFR,94482.0,4.606181747269891,7815.0,0.08271416777798946,4.0,1,0
RBM10 c.1054G>T,,0.999403400616486,0.3233229329173167,0.4902983619344774,20512.0,RBM10,117042.0,5.7060257410296416,10057.0,0.08592641957587874,5.0,1,1
INPP4B c.181A>G,,1.0,0.059526131045241806,0.09609009360374415,20512.0,INPP4B,45087.0,2.1980791731669265,1971.0,0.04371548339876239,4.0,1,0
TP53 c.743G>A,,1.0,0.14289196567862714,0.2064645085803432,20512.0,TP53,224615.0,10.950419266770671,4235.0,0.018854484339870446,5.0,2,0
PIK3CA c.353G>A,,1.0,0.23006045241809672,0.31347503900156004,20512.0,PIK3CA,34895.5,1.701223673946958,6430.0,0.18426444670516257,8.0,1,0
ATRX c.6772_6773del,,0.9998942246668077,0.3144988299531981,0.4609009360374415,20512.0,ATRX,128205.5,6.250268135725429,9454.0,0.07374098615114016,5.0,1,0
PIK3CA c.1093G>A,,1.0,0.296314352574103,0.4236544461778471,20512.0,PIK3CA,34895.5,1.701223673946958,8690.0,0.24902924445845454,4.0,1,0
ARID1A c.394dup,,1.0,0.08243954758190328,0.10208658346333853,20512.0,ARID1A,236404.0,11.52515600624025,2094.0,0.00885771814351703,5.0,1,0
GATA2 c.410C>A,,1.0,0.09272620904836193,0.1377730109204368,20512.0,GATA2,64683.0,3.1534223868954756,2826.0,0.04368999582579658,6.0,1,0
EGFR c.1097G>T,,1.0,0.08867979719188768,0.11646840873634945,20512.0,EGFR,94482.0,4.606181747269891,2389.0,0.025285239516521667,3.0,1,0
IRS1 c.928G>A,,1.0,0.01847698907956318,0.021304602184087362,20512.0,IRS1,,,437.0,,5.0,1,0
NF1_0 c.3822_3823del,,0.9993430776810642,0.1939352574102964,0.296850624024961,20512.0,NF1_0,119828.0,5.8418486739469575,6089.0,0.05081450078445772,5.0,2,0
ERBB3 c.2035C>T,,0.9984852310022722,0.08697347893915756,0.19310647425897035,20512.0,ERBB3,,,3960.9999999999995,,7.0,1,0
EPHA5 c.1918G>T,,1.0,0.059574882995319815,0.07151911076443057,20512.0,EPHA5,176.0,0.00858034321372855,1466.9999999999998,8.335227272727272,5.0,1,0
EPHA5 c.1522G>A,,1.0,0.042414196567862716,0.04777691107644306,20512.0,EPHA5,176.0,0.00858034321372855,980.0,5.568181818181818,6.0,1,0
BCOR c.409G>A,,1.0,0.11832098283931357,0.14879095163806552,20512.0,BCOR,178912.0,8.722308892355695,3052.0,0.01705866571275264,5.0,1,0
PRDM1 c.626A>C,,1.0,0.015844383775351013,0.016770670826833072,20512.0,PRDM1,,,344.0,,4.0,1,0
EGFR c.866C>T,,0.9996914294530587,0.2530713728549142,0.6319715288611545,20512.0,EGFR,94482.0,4.606181747269891,12963.0,0.13720073664825047,3.0,1,0
PREX2 c.1371G>T,,1.0,0.08263455538221529,0.09862519500780031,20512.0,PREX2,10669.0,0.5201345553822153,2023.0,0.1896147717686756,5.0,1,0
PTPRD c.5245A>C,,1.0,0.041097893915756634,0.047630655226209045,20512.0,PTPRD,8182.0,0.39888845553822155,976.9999999999999,0.11940845758983132,5.0,1,0
NOTCH1 c.1070_1072del,,1.0,0.14069812792511702,0.18959633385335414,20512.0,NOTCH1,51285.0,2.50024375975039,3889.0,0.0758311397094667,7.0,1,0
EGFR c.185T>G,,1.0,0.09228744149765991,0.12397620904836193,20512.0,EGFR,94482.0,4.606181747269891,2543.0,0.02691517961093118,7.0,1,0
FLT4 c.1238G>T,,1.0,0.010189157566302651,0.011164196567862715,20512.0,FLT4,5857.0,0.2855401716068643,229.0,0.03909851459791702,5.0,1,0
FAT1 c.9242C>T,,1.0,0.03066497659906396,0.03719773790951638,20512.0,FAT1,163709.0,7.981132995319813,763.0,0.004660708940864583,7.0,1,0
EGFR c.754C>T,,0.9987535316602958,0.3156201248049922,1.1733619344773791,20512.0,EGFR,94482.0,4.606181747269891,24068.0,0.254736351897716,3.0,1,1
EGFR c.1793G>T,,0.9995934132953852,0.13655421216848673,0.23981084243369735,20512.0,EGFR,94482.0,4.606181747269891,4919.0,0.05206282678182088,3.0,1,0
SETD2 c.1712dup,,0.8662921348314607,0.041341653666146644,0.04338923556942278,20512.0,SETD2,,,890.0,,4.0,1,0
ETV1 c.864A>T,,1.0,0.03368759750390016,0.03934282371294852,20512.0,ETV1,12005.0,0.5852671606864275,807.0,0.06722199083715119,5.0,1,0
FAT1 c.2956G>A,,1.0,0.2988982059282371,0.4519793291731669,20512.0,FAT1,163709.0,7.981132995319813,9271.0,0.056630973251317884,5.0,1,0
CARD11 c.1804G>C,,1.0,0.2000780031201248,0.2847601404056162,20512.0,CARD11,21765.0,1.0610861934477378,5840.999999999999,0.2683666436940041,5.0,1,1
CIC c.3041C>T,,0.9972508591065292,0.059916146645865836,0.07093408736349453,20512.0,CIC,,,1454.9999999999998,,3.0,1,1
AXL c.2629G>A,,1.0,0.03617394695787832,0.05211583463338534,20512.0,AXL,,,1069.0,,4.0,1,0
FAT1 c.4880G>A,,0.9999246987951808,0.4165366614664587,0.6474258970358814,20512.0,FAT1,163709.0,7.981132995319813,13279.999999999998,0.08111954748975315,4.0,1,0
REL c.938G>A,,0.15772089182493806,0.049483229329173165,0.05903861154446178,20512.0,REL,,,1211.0,,3.0,1,0
MAPKAP1 c.1000G>A,,1.0,0.2439060062402496,0.3862129485179407,20512.0,MAPKAP1,,,7921.999999999999,,5.0,1,0
PRKN c.1016C>A,,1.0,0.0002437597503900156,0.0002437597503900156,20512.0,PRKN,2377.0,0.11588338533541341,5.0,0.002103491796381994,5.0,1,1
GLI1 c.1138C>T,,0.9928994082840237,0.07381045241809672,0.08239079563182528,20512.0,GLI1,,,1690.0,,4.0,1,0
INHA c.595C>T,,1.0,0.009652886115444619,0.00999414976599064,20512.0,INHA,,,205.0,,3.0,1,0
ARID1A c.2098G>A,,1.0,0.18086973478939158,0.22772035881435257,20512.0,ARID1A,236404.0,11.52515600624025,4671.0,0.019758548924722084,3.0,1,0
SESN2 c.1385C>T,,0.9910220994475138,0.05840483619344774,0.07059282371294852,20512.0,SESN2,,,1448.0,,5.0,1,0
CDKN2A c.387C>G,,0.9996988858777477,0.06518135725429017,0.16190522620904838,20512.0,CDKN2A,1049530.0,51.16663416536662,3321.0000000000005,0.0031642735319619263,8.0,1,1
PIK3CA c.1624G>A,,0.9996664442961974,0.23834828393135726,0.2923166926677067,20512.0,PIK3CA,34895.5,1.701223673946958,5996.0,0.171827312977318,5.0,2,0
FAT1 c.6866C>T,,0.9949037961518461,0.28788026521060844,0.46875,20512.0,FAT1,163709.0,7.981132995319813,9615.0,0.058732262734486194,5.0,1,0
CARD11 c.1145C>T,,1.0,0.05601599063962558,0.06820397815912636,20512.0,CARD11,21765.0,1.0610861934477378,1399.0,0.06427750976338158,4.0,1,0
EPHA5 c.1037A>G,,1.0,0.027544851794071762,0.029299921996879877,20512.0,EPHA5,176.0,0.00858034321372855,601.0,3.414772727272727,4.0,1,0
PTPRD c.1549G>A,,1.0,0.037051482059282374,0.042609204368174725,20512.0,PTPRD,8182.0,0.39888845553822155,874.0,0.10681984844781227,3.0,1,0
PTEN c.697C>T_1,,0.9994824016563147,0.15225234009360375,0.18837753510140406,20512.0,PTEN,209177.0,10.19778666146646,3864.0,0.01847239419247814,3.0,2,0
PTPRD c.3100G>T,,1.0,0.03870904836193448,0.04558307332293292,20512.0,PTPRD,8182.0,0.39888845553822155,935.0,0.11427523832803715,5.0,1,0
ICOSLG c.809C>T,,1.0,0.01282176287051482,0.013699297971918876,20512.0,ICOSLG,,,281.0,,5.0,1,0
KMT2B c.1375C>T,,1.0,0.07151911076443057,0.08219578783151327,20512.0,KMT2B,46527.0,2.268281981279251,1686.0000000000002,0.03623702366367916,5.0,1,0
INPP4A c.2656C>T,,1.0,0.020085803432137287,0.02091458658346334,20512.0,INPP4A,53559.0,2.6111056942277693,429.0,0.008009858287122612,4.0,1,0
JAK3 c.1654G>A,,1.0,0.12134360374414976,0.15922386895475818,20512.0,JAK3,7495.0,0.3653958658346334,3266.0,0.43575717144763176,3.0,1,0
SH2D1A c.71G>T,,1.0,0.11505460218408736,0.1624902496099844,20512.0,SH2D1A,65749.0,3.205391965678627,3333.0,0.050692786202071516,2.0,1,2
IKBKE c.1447_1449,,1.0,0.024473478939157568,0.02559477379095164,20512.0,IKBKE,13790.0,0.672289391575663,525.0,0.03807106598984772,5.0,1,0
PIK3CG c.1900A>G,,1.0,0.1187597503900156,0.15878510140405616,20512.0,PIK3CG,9227.0,0.44983424336973477,3257.0,0.35298580253603556,4.0,2,0
ATM c.2611G>T,,1.0,0.04280421216848674,0.048849453978159124,20512.0,ATM,56642.0,2.7614079563182528,1002.0,0.017690053317326367,5.0,1,0
IKBKE c.350G>A,,1.0,0.01389430577223089,0.014333073322932917,20512.0,IKBKE,13790.0,0.672289391575663,294.0,0.02131979695431472,3.0,1,1
CARD11 c.2149G>A,,1.0,0.24254095163806552,0.37534126365054604,20512.0,CARD11,21765.0,1.0610861934477378,7699.0,0.35373305766138297,3.0,1,0
CARD11 c.2472_2473delinsAA,,1.0,0.10198907956318252,0.125146255850234,20512.0,CARD11,21765.0,1.0610861934477378,2567.0,0.11794164943716977,5.0,1,0
CARD11 c.1628C>T,,1.0,0.1061329953198128,0.1357741809672387,20512.0,CARD11,21765.0,1.0610861934477378,2785.0,0.12795773030094187,4.0,1,0
PIK3CG c.1850_1851delinsCT,,1.0,0.1217336193447738,0.1609789391575663,20512.0,PIK3CG,9227.0,0.44983424336973477,3302.0,0.3578627939742061,5.0,2,0
TSHR c.2158C>A,,1.0,0.05757605304212168,0.07405421216848673,20512.0,TSHR,14144.0,0.6895475819032761,1518.9999999999998,0.1073953619909502,5.0,1,0
RAC2 c.277G>A,,1.0,0.12724258970358815,0.16205148205928238,20512.0,RAC2,,,3324.0,,3.0,1,1
MRE11A c.1318G>A,,1.0,0.08170826833073323,0.09170241809672387,20512.0,MRE11A,,,1881.0,,7.0,1,0
RPS6KB2 c.1175C>T,,0.9993131868131868,0.0577710608424337,0.07098283931357255,20512.0,RPS6KB2,,,1456.0000000000002,,7.0,1,0
SPEN c.8755G>A,,1.0,0.05504095163806552,0.06659516380655227,20512.0,SPEN,263397.0,12.841117394695788,1366.0000000000002,0.005186087920515421,6.0,1,0
AXL c.1103G>A,,1.0,0.09150741029641185,0.16536661466458658,20512.0,AXL,,,3392.0,,5.0,1,0
NF1 c.3774G>C,,1.0,0.03183502340093604,0.034906396255850236,20512.0,NF1,133685.0,6.5174044461778475,716.0,0.005355873882634551,4.0,3,0
CARD11 c.3292_3294,,1.0,0.04148790951638066,0.0514820592823713,20512.0,CARD11,21765.0,1.0610861934477378,1056.0,0.04851826326671261,5.0,1,0
NOTCH1 c.6359G>A,,0.9991638795986622,0.05089703588143526,0.058307332293291735,20512.0,NOTCH1,51285.0,2.50024375975039,1196.0,0.02332065906210393,4.0,1,0
KEAP1 c.1084_1086,,1.0,0.06688767550702028,0.09526131045241809,20512.0,KEAP1,127386.0,6.2103159126365055,1953.9999999999998,0.015339205250184477,7.0,1,0
SLX4 c.1824G>T,,1.0,0.040512870514820595,0.043535491419656784,20512.0,SLX4,14481.0,0.7059769890795632,893.0,0.06166701194668876,4.0,1,0
IRS1 c.551G>A,,1.0,0.062353744149765994,0.10140405616224649,20512.0,IRS1,,,2080.0,,9.0,1,0
CARD11 c.1399C>A,,1.0,0.13060647425897035,0.1670729329173167,20512.0,CARD11,21765.0,1.0610861934477378,3427.0,0.15745462899150012,4.0,1,0
ERG c.70G>T,,1.0,0.01467433697347894,0.01638065522620905,20512.0,ERG,3363.0,0.1639528081123245,336.0,0.09991079393398751,4.0,1,0
ARID1A c.172del,,0.9993514915693904,0.11929602184087364,0.15035101404056161,20512.0,ARID1A,236404.0,11.52515600624025,3084.0,0.013045464543747144,6.0,1,0
ARID5B c.1010C>T,,0.9975369458128078,0.01940327613104524,0.019793291731669268,20512.0,ARID5B,,,406.0,,8.0,1,0
MED12 c.641dup,,0.9984423676012462,0.027886115444617783,0.031298751950078,20512.0,MED12,,,642.0,,6.0,1,0
SH2B3 c.239G>A,,1.0,0.01140795631825273,0.011797971918876755,20512.0,SH2B3,,,242.0,,4.0,1,0
ERRFI1 c.976T>G,,1.0,0.007556552262090483,0.0078003120124804995,20512.0,ERRFI1,62221.0,3.033395085803432,160.0,0.0025714790826248373,9.0,2,0
DNMT3A c.976C>T,,1.0,0.06479134165366615,0.07005655226209048,20512.0,DNMT3A,,,1437.0,,5.0,1,0
BAP1 c.1721C>T,,0.9985802176999526,0.08853354134165367,0.1030128705148206,20512.0,BAP1,198600.0,9.68213728549142,2113.0,0.010639476334340382,4.0,1,0
NF1_0 c.3739_3742del,,1.0,0.07712558502340093,0.08604719188767551,20512.0,NF1_0,119828.0,5.8418486739469575,1765.0,0.014729445538605335,6.0,2,0
PDGFRA c.863A>G,,1.0,0.016039391575663028,0.017745709828393137,20512.0,PDGFRA,,,364.00000000000006,,7.0,1,0
STK40 c.250C>T,,0.9938101788170564,0.059282371294851796,0.07088533541341653,20512.0,STK40,58048.0,2.829953198127925,1453.9999999999998,0.025048235942668133,7.0,1,0
FGFR2 c.751C>T,,0.997564539698003,0.07439547581903276,0.1000877535101404,20512.0,FGFR2,,,2053.0,,4.0,1,0
JAK3 c.62C>T,,1.0,0.025984789391575662,0.02939742589703588,20512.0,JAK3,7495.0,0.3653958658346334,603.0,0.08045363575717145,4.0,1,0
SMARCA4 c.1084G>A,,0.9994969818913481,0.08224453978159127,0.0969188767550702,20512.0,SMARCA4,352301.0,17.17536076443058,1988.0,0.00564290195032089,4.0,1,0
PTPRD c.1243C>G,,1.0,0.0515308112324493,0.06386505460218408,20512.0,PTPRD,8182.0,0.39888845553822155,1310.0,0.16010755316548522,5.0,1,0
HOXB13 c.664C>A,,1.0,0.0265698127925117,0.030372464898595943,20512.0,HOXB13,13226.0,0.6447932917316692,623.0,0.04710418871918948,5.0,1,0
RPS6KB2 c.668G>A,,1.0,0.008336583463338534,0.009165366614664586,20512.0,RPS6KB2,,,188.0,,9.0,1,0
BRCA2 c.9430dup,,1.0,0.02457098283931357,0.025838533541341652,20512.0,BRCA2,,,530.0,,6.0,1,0
EGFR c.2573T>G,,1.0,0.052310842433697345,0.07410296411856475,20512.0,EGFR,94482.0,4.606181747269891,1520.0000000000002,0.01608772041235368,6.0,2,0
NOTCH1 c.2665G>T,,1.0,0.036758970358814355,0.03934282371294852,20512.0,NOTCH1,51285.0,2.50024375975039,807.0,0.01573559520327581,4.0,1,0
NOTCH2 c.5179_5181,,1.0,0.05367589703588144,0.0687402496099844,20512.0,NOTCH2,242437.0,11.819276521060843,1410.0,0.005815943935950371,8.0,1,0
RB1 c.1735C>T,,0.9970014992503748,0.031688767550702025,0.03251755070202808,20512.0,RB1,184544.0,8.996879875195008,667.0,0.0036143142014912434,4.0,1,0
EGFR c.2320G>A,,1.0,0.01014040561622465,0.013504290171606865,20512.0,EGFR,94482.0,4.606181747269891,277.0,0.002931775364619716,5.0,1,0
TCF7L2 c.1156C>T,,0.9947698744769874,0.03992784711388456,0.04660686427457098,20512.0,TCF7L2,,,956.0,,5.0,1,0
PTEN c.388C>*,,1.0,0.12075858034321373,0.15868759750390016,20512.0,PTEN,209177.0,10.19778666146646,3255.0,0.015560984238228869,8.0,2,0
CREBBP c.4043G>A,,1.0,0.015064352574102964,0.015600624024960999,20512.0,CREBBP,,,320.0,,6.0,1,0
WT1 c.1369C>A,,1.0,0.0055089703588143525,0.005752730109204368,20512.0,WT1,3152.0,0.15366614664586584,118.0,0.037436548223350255,5.0,1,0
SDHC c.268C>A,,1.0,0.051043291731669264,0.053627145085803435,20512.0,SDHC,123329.0,6.012529251170047,1100.0,0.008919232297350988,4.0,1,0
TRAF2 c.382C>T,,1.0,0.031445007800312015,0.03305382215288612,20512.0,TRAF2,,,678.0,,3.0,1,1
TP53 c.1024C>T,,0.9973190348525469,0.017453198127925118,0.018184477379095162,20512.0,TP53,224615.0,10.950419266770671,373.0,0.001660619281882332,3.0,2,0
IRS1 c.1791dup,,0.9986282578875172,0.02954368174726989,0.035540171606864276,20512.0,IRS1,,,729.0,,3.0,1,0
CDH1 c.2380G>T,,1.0,0.0034126365054602185,0.00375390015600624,20512.0,CDH1,299101.0,14.581757020280811,77.0,0.0002574381229083153,5.0,1,0
PIK3C2G c.2251G>A,,1.0,0.001218798751950078,0.0012675507020280812,20512.0,PIK3C2G,37.0,0.0018038221528861155,26.0,0.7027027027027027,5.0,1,0
FGFR4 c.604C>G,,1.0,0.042072932917316695,0.050165756630265214,20512.0,FGFR4,17247.0,0.8408248829953198,1029.0,0.05966255000869716,5.0,1,1
ERBB4 c.916C>T,,1.0,0.00750780031201248,0.007849063962558502,20512.0,ERBB4,43999.0,2.1450370514820594,160.99999999999997,0.0036591740721380024,6.0,1,0
ERCC5 c.1537G>A,,1.0,0.011944227769110765,0.01296801872074883,20512.0,ERCC5,,,266.0,,4.0,1,0
AGO2 c.574C>G,,1.0,0.01077418096723869,0.011359204368174726,20512.0,AGO2,163815.0,7.986300702028081,233.0,0.00142233617190123,7.0,1,0
TERT c.1358G>A,,1.0,0.056454758190327615,0.06518135725429017,20512.0,TERT,,,1337.0,,4.0,1,0
INHBA c.204del,,1.0,0.009262870514820594,0.01672191887675507,20512.0,INHBA,4217.0,0.20558697347893914,343.0,0.08133744368034147,4.0,1,1
FGFR4 c.1660G>A,,1.0,0.0022913416536661465,0.00234009360374415,20512.0,FGFR4,17247.0,0.8408248829953198,48.0,0.002783092711775961,7.0,1,0
PARP1 c.1087G>T,,1.0,0.01652691107644306,0.01847698907956318,20512.0,PARP1,642187.0,31.30786856474259,379.0,0.0005901707758020639,5.0,1,0
MAP3K13 c.1549C>T,,1.0,0.020427067082683308,0.022230889235569422,20512.0,MAP3K13,,,456.0,,5.0,1,0
MUTYH c.1145G>A,,1.0,0.13670046801872074,0.15932137285491418,20512.0,MUTYH,,,3267.9999999999995,,4.0,1,0
ERF c.536G>A,,1.0,0.03349258970358814,0.03563767550702028,20512.0,ERF,,,731.0,,3.0,1,1
JAK3 c.386T>C,,1.0,0.0344188767550702,0.04100039001560062,20512.0,JAK3,7495.0,0.3653958658346334,841.0,0.11220813875917278,5.0,1,0
PIK3CG c.611C>G,,1.0,0.03256630265210608,0.04275546021840874,20512.0,PIK3CG,9227.0,0.44983424336973477,877.0,0.09504714425056898,5.0,1,0
EPHB1 c.2072G>A,,1.0,0.005021450858034322,0.005411466458658347,20512.0,EPHB1,1712.0,0.08346333853354135,111.00000000000001,0.06483644859813086,5.0,1,0
KEAP1 c.1666G>A,,1.0,0.00828783151326053,0.009409126365054601,20512.0,KEAP1,127386.0,6.2103159126365055,192.99999999999997,0.0015150801500949866,5.0,1,0
AGO2 c.313C>T,,0.9975247524752475,0.018379485179407178,0.01969578783151326,20512.0,AGO2,163815.0,7.986300702028081,404.0,0.0024661966242407593,7.0,1,0
CDKN2A c.167_172delinsT,,1.0,0.01701443057722309,0.02379095163806552,20512.0,CDKN2A,1049530.0,51.16663416536662,488.0,0.00046497003420578733,8.0,1,0
NOTCH1 c.5015G>A,,1.0,0.037392745709828396,0.040415366614664584,20512.0,NOTCH1,51285.0,2.50024375975039,829.0,0.016164570537194112,4.0,1,0
NF1_1 c.7037_7040del,,1.0,0.02705733229329173,0.03164001560062402,20512.0,NF1_1,,,649.0,,10.0,1,0
HRAS c.175G>A,,1.0,0.03476014040561622,0.038855304212168484,20512.0,HRAS,,,797.0,,3.0,1,1
RECQL4 c.359G>A,,1.0,0.013845553822152886,0.01574687987519501,20512.0,RECQL4,28221.0,1.375828783151326,323.0,0.011445377555720917,7.0,1,0
TP53 c.745_747,,1.0,0.01940327613104524,0.02452223088923557,20512.0,TP53,224615.0,10.950419266770671,503.0,0.002239387396211295,9.0,2,0
MTOR c.6178C>T,,1.0,0.035491419656786274,0.040415366614664584,20512.0,MTOR,98587.0,4.8063085023400935,829.0,0.008408816578250683,5.0,1,0
RB1 c.1641_1657del,,0.006756756756756757,0.007166536661466458,0.007215288611544462,20512.0,RB1,184544.0,8.996879875195008,148.0,0.0008019767643488815,21.0,1,0
AXIN1 c.1475G>A,,1.0,0.012431747269890795,0.012724258970358815,20512.0,AXIN1,,,261.0,,4.0,1,0
NOTCH1 c.1717G>T,,1.0,0.0026813572542901715,0.0027788611544461777,20512.0,NOTCH1,51285.0,2.50024375975039,57.0,0.0011114360924246857,7.0,1,0
RRAS c.515C>T,,1.0,0.011992979719188768,0.012529251170046801,20512.0,RRAS,12176.0,0.593603744149766,257.0,0.021107095926412616,6.0,1,1
FGFR1 c.1967C>T,,1.0,0.00297386895475819,0.0030226209048361936,20512.0,FGFR1,60584.0,2.953588143525741,62.0,0.0010233725075927639,5.0,2,0
NTRK3 c.2001G>T,,1.0,0.01170046801872075,0.013065522620904836,20512.0,NTRK3,60.0,0.0029251170046801873,268.0,4.466666666666667,3.0,1,0
SCG5 c.556T>C,,1.0,0.012382995319812793,0.014186817472698909,20512.0,SCG5,10397.0,0.5068740249609984,291.0,0.027988842935462152,4.0,1,0
CDKN2A c.238C>T,,1.0,0.0051677067082683305,0.005703978159126365,20512.0,CDKN2A,1049530.0,51.16663416536662,117.0,0.00011147847131573181,5.0,2,0
PIK3C2G c.1775C>A,,1.0,0.0006825273010920437,0.0006825273010920437,20512.0,PIK3C2G,37.0,0.0018038221528861155,14.0,0.3783783783783784,3.0,1,0
PAK7 c.235G>A,,1.0,0.0055577223088923555,0.00594773790951638,20512.0,PAK7,,,122.0,,4.0,1,0
ERG c.1153C>T,,1.0,0.006484009360374415,0.006825273010920437,20512.0,ERG,3363.0,0.1639528081123245,140.0,0.041629497472494795,5.0,1,0
STK11 c.667G>T,,1.0,0.02018330733229329,0.02140210608424337,20512.0,STK11,114623.0,5.588094773790951,439.0,0.0038299468693019727,9.0,1,0
ETV1 c.560G>T,,1.0,0.012382995319812793,0.01326053042121685,20512.0,ETV1,12005.0,0.5852671606864275,272.0,0.02265722615576843,3.0,1,0
ROS1 c.1289G>A,,1.0,0.011846723868954759,0.01954953198127925,20512.0,ROS1,,,401.0,,3.0,1,0
BCOR c.1016C>T,,1.0,0.00765405616224649,0.007995319812792511,20512.0,BCOR,178912.0,8.722308892355695,164.0,0.0009166517617599714,4.0,1,0
NTRK1 c.2035G>A,,1.0,0.0026813572542901715,0.0026813572542901715,20512.0,NTRK1,149.0,0.007264040561622465,55.0,0.3691275167785235,6.0,1,0
PDGFRA c.1027C>T,,1.0,0.00029251170046801873,0.00029251170046801873,20512.0,PDGFRA,,,6.0,,4.0,1,0
POLE c.3782T>G,,1.0,0.0026813572542901715,0.002730109204368175,20512.0,POLE,134509.0,6.557576053042122,56.0,0.00041632901887606033,9.0,1,0
GREM1 c.256C>T,,0.9976798143851509,0.01764820592823713,0.021012090483619343,20512.0,GREM1,,,430.99999999999994,,3.0,1,1
PIK3CA c.1496C>T,,0.9942528735632183,0.016331903276131047,0.016965678627145087,20512.0,PIK3CA,34895.5,1.701223673946958,348.00000000000006,0.009972632574400713,6.0,1,1
EGFR c.1994G>A,,1.0,0.0016575663026521061,0.0016575663026521061,20512.0,EGFR,94482.0,4.606181747269891,34.0,0.00035985690396054274,5.0,2,0
IRS1 c.1955G>A,,1.0,0.01516185647425897,0.019793291731669268,20512.0,IRS1,,,406.0,,8.0,1,0
KEAP1 c.959G>C,,1.0,0.007215288611544462,0.007946567862714509,20512.0,KEAP1,127386.0,6.2103159126365055,163.0,0.0012795754635517246,5.0,1,0
EPHB1 c.2752G>T,,1.0,0.00999414976599064,0.01048166926677067,20512.0,EPHB1,1712.0,0.08346333853354135,215.0,0.12558411214953272,3.0,1,0
PRKD1 c.211G>T,,1.0,0.00609399375975039,0.006825273010920437,20512.0,PRKD1,5965.0,0.2908053822152886,140.0,0.02347024308466052,7.0,1,0
PDGFRA c.2465G>A,,1.0,0.0027788611544461777,0.002827613104524181,20512.0,PDGFRA,,,58.0,,6.0,1,0
PDGFRA c.2525A>T,,1.0,0.006532761310452418,0.006922776911076443,20512.0,PDGFRA,,,142.0,,4.0,1,0
TSC2 c.5228G>A,,1.0,0.004485179407176287,0.00453393135725429,20512.0,TSC2,,,93.0,,4.0,1,0
STAT5A c.1888G>A,,0.9939393939393939,0.007897815912636505,0.008044071762870515,20512.0,STAT5A,,,165.0,,4.0,1,1
FLT4 c.1325C>T,,1.0,0.0038026521060842435,0.003948907956318253,20512.0,FLT4,5857.0,0.2855401716068643,81.0,0.013829605600136588,4.0,1,0
INHBA c.430G>T,,1.0,0.013406786271450859,0.035442667706708265,20512.0,INHBA,4217.0,0.20558697347893914,726.9999999999999,0.17239743893763337,4.0,2,0
EPHA5 c.1292T>C,,0.9985207100591716,0.028861154446177848,0.032956318252730106,20512.0,EPHA5,176.0,0.00858034321372855,675.9999999999999,3.8409090909090904,4.0,1,0
NTRK2 c.2408T>C,,1.0,0.0001950078003120125,0.0001950078003120125,20512.0,NTRK2,25.0,0.001218798751950078,4.0,0.16,5.0,1,0
ATRX c.1079_1082del,,1.0,0.0004387675507020281,0.0004387675507020281,20512.0,ATRX,128205.5,6.250268135725429,9.0,7.019979642059038e-05,14.0,1,0
TP53 c.380C>T,,1.0,0.0035588923556942277,0.003607644305772231,20512.0,TP53,224615.0,10.950419266770671,74.0,0.00032945261892571736,5.0,1,0
PTEN c.103A>G,,1.0,0.02471723868954758,0.025692277691107643,20512.0,PTEN,209177.0,10.19778666146646,527.0,0.0025193974480941976,3.0,1,0
PIK3C2G c.2593G>T,,1.0,0.0008775351014040562,0.0008775351014040562,20512.0,PIK3C2G,37.0,0.0018038221528861155,18.0,0.4864864864864865,3.0,1,0
NOTCH1 c.2108G>A,,1.0,0.009409126365054601,0.009604134165366615,20512.0,NOTCH1,51285.0,2.50024375975039,197.0,0.003841279126450229,3.0,1,0
JAK1 c.715C>T,,0.9747899159663865,0.005752730109204368,0.005801482059282372,20512.0,JAK1,,,119.00000000000001,,4.0,1,0
EGFR c.1889_1894delinsTAGGAT,,1.0,0.01579563182527301,0.02125585023400936,20512.0,EGFR,94482.0,4.606181747269891,436.0,0.004614635591964607,8.0,1,0
SLX4 c.4339G>A,,1.0,0.0018525741029641186,0.0019988299531981278,20512.0,SLX4,14481.0,0.7059769890795632,41.0,0.0028312961812029555,5.0,1,0
PDGFRA c.685G>A,,1.0,0.00546021840873635,0.005606474258970359,20512.0,PDGFRA,,,115.00000000000001,,7.0,1,0
PMS2 c.777T>A,,1.0,0.004582683307332293,0.0046801872074883,20512.0,PMS2,79751.0,3.8880167706708266,96.0,0.0012037466614838684,3.0,1,1
EGFR c.2156G>C,,1.0,0.003217628705148206,0.003656396255850234,20512.0,EGFR,94482.0,4.606181747269891,75.0,0.000793801994030609,4.0,1,0
DROSHA c.2768G>A,,1.0,0.010579173166926676,0.011456708268330734,20512.0,DROSHA,229895.0,11.207829563182527,235.0,0.0010222057895995999,8.0,2,0
KDM5C c.3871C>T,,1.0,0.006386505460218408,0.006776521060842433,20512.0,KDM5C,,,139.0,,8.0,1,0
ASXL1 c.1907C>T,,1.0,0.005265210608424337,0.005362714508580343,20512.0,ASXL1,,,110.0,,9.0,1,0
BTK c.1296C>G,,1.0,0.0055089703588143525,0.006337753510140405,20512.0,BTK,177.0,0.008629095163806551,130.0,0.7344632768361582,3.0,1,0
KRAS c.35G>A,,1.0,0.0015113104524180968,0.001608814352574103,20512.0,KRAS,113282.0,5.52271840873635,33.0,0.00029130841616496886,7.0,2,0
EGFR c.2582T>G,,1.0,0.011749219968798751,0.012382995319812793,20512.0,EGFR,94482.0,4.606181747269891,254.00000000000003,0.002688342753116996,5.0,2,0
KRAS c.34_35,,1.0,0.0026326053042121686,0.002730109204368175,20512.0,KRAS,113282.0,5.52271840873635,56.0,0.0004943415547041895,6.0,2,0
RPTOR c.2615A>G,,1.0,0.0004875195007800312,0.0004875195007800312,20512.0,RPTOR,78442.0,3.824200468018721,10.0,0.0001274827260906147,10.0,1,0
GRIN2A c.167G>A,,,0.0,0.0,,GRIN2A,,,0.0,,7.0,1,0
BTK c.1946G>A,,1.0,0.002096333853354134,0.0021938377535101403,20512.0,BTK,177.0,0.008629095163806551,45.0,0.2542372881355932,4.0,1,0
SMO c.73G>T,,1.0,4.875195007800312e-05,4.875195007800312e-05,20512.0,SMO,26198.0,1.2772035881435257,1.0,3.817085273685014e-05,6.0,1,0
UPF1 c.2968C>T,,1.0,0.00892160686427457,0.00921411856474259,20512.0,UPF1,,,189.0,,5.0,1,0
EPHB1 c.1404G>T,,1.0,0.0070202808112324495,0.007702808112324493,20512.0,EPHB1,1712.0,0.08346333853354135,158.0,0.09228971962616822,4.0,1,0
NTRK1 c.1979A>G,,1.0,0.0012675507020280812,0.0013163026521060843,20512.0,NTRK1,149.0,0.007264040561622465,27.0,0.18120805369127516,7.0,1,0
PAK5 c.359C>T,,1.0,0.0004387675507020281,0.0004387675507020281,20512.0,PAK5,177.0,0.008629095163806551,9.0,0.05084745762711865,5.0,1,0
TP53 c.524G>A,,1.0,0.000390015600624025,0.0004387675507020281,20512.0,TP53,224615.0,10.950419266770671,9.0,4.0068561761235894e-05,6.0,2,1
NTRK3 c.740G>C,,1.0,0.0009262870514820593,0.0009262870514820593,20512.0,NTRK3,60.0,0.0029251170046801873,19.0,0.31666666666666665,6.0,1,0
FGFR1 c.1731C>A,,1.0,0.007264040561622465,0.007605304212168487,20512.0,FGFR1,60584.0,2.953588143525741,156.0,0.0025749372771688896,4.0,1,0
SUFU c.71dup,,0.9,0.0034126365054602185,0.0034126365054602185,20512.0,SUFU,,,70.0,,3.0,1,0
AR c.1468C>G,,1.0,0.0010725429017160687,0.001170046801872075,20512.0,AR,10758.0,0.5244734789391575,24.0,0.002230897936419409,6.0,1,0
IGF2 c.533C>T,,1.0,0.0007312792511700468,0.00078003120124805,20512.0,IGF2,1260.0,0.061427457098283934,16.0,0.012698412698412698,5.0,1,0
KDR c.2030C>A,,1.0,0.00234009360374415,0.00234009360374415,20512.0,KDR,165.0,0.008044071762870515,48.0,0.2909090909090909,5.0,1,0
IL10 c.320C>T,,1.0,0.0007312792511700468,0.00078003120124805,20512.0,IL10,,,16.0,,6.0,1,0
INPPL1 c.3573del,,1.0,0.0004387675507020281,0.0004875195007800312,20512.0,INPPL1,249018.0,12.14011310452418,10.0,4.015773960115333e-05,10.0,1,0
PLCG2 c.148_150,,1.0,0.006581513260530421,0.006971528861154446,20512.0,PLCG2,8025.0,0.39123439937597504,143.0,0.01781931464174455,7.0,1,0
KDR c.3127A>G,,1.0,0.0031688767550702027,0.003266380655226209,20512.0,KDR,165.0,0.008044071762870515,67.0,0.40606060606060607,6.0,1,0
IRF4 c.1285G>A,,1.0,0.0018525741029641186,0.0018525741029641186,20512.0,IRF4,,,38.0,,4.0,1,0
RPTOR c.1105C>T,,1.0,0.002486349453978159,0.0026326053042121686,20512.0,RPTOR,78442.0,3.824200468018721,54.0,0.0006884067208893195,5.0,1,0
IGF2 c.233G>A,,1.0,0.0009262870514820593,0.0011212948517940718,20512.0,IGF2,1260.0,0.061427457098283934,23.0,0.018253968253968255,5.0,2,0
TP53 c.455C>T,,1.0,0.0001950078003120125,0.0001950078003120125,20512.0,TP53,224615.0,10.950419266770671,4.0,1.7808249671660397e-05,6.0,2,1
STAT5B c.1102dup,,0.9692307692307692,0.0030713728549141965,0.0031688767550702027,20512.0,STAT5B,,,65.0,,3.0,1,0
IGF2 c.647C>A,,1.0,0.0001950078003120125,0.0001950078003120125,20512.0,IGF2,1260.0,0.061427457098283934,4.0,0.0031746031746031746,6.0,1,0
HGF c.418_420,,1.0,4.875195007800312e-05,4.875195007800312e-05,20512.0,HGF,47.0,0.0022913416536661465,1.0,0.02127659574468085,4.0,1,2
LATS2 c.1478C>T,,1.0,0.0008775351014040562,0.0008775351014040562,20512.0,LATS2,,,18.0,,4.0,1,0
BTK c.973G>T,,1.0,0.00014625585023400937,0.00014625585023400937,20512.0,BTK,177.0,0.008629095163806551,3.0,0.01694915254237288,5.0,1,0
EPHB1 c.1910G>A,,1.0,0.0025838533541341652,0.0025838533541341652,20512.0,EPHB1,1712.0,0.08346333853354135,53.0,0.030957943925233645,6.0,1,1
FOXP1 c.1234G>A,,1.0,0.0007312792511700468,0.0008287831513260531,20512.0,FOXP1,147798.0,7.205440717628705,17.0,0.00011502185415228893,6.0,1,0
AMER1 c.3104A>G,,1.0,0.004728939157566303,0.004875195007800312,20512.0,AMER1,21398.0,1.0431942277691109,100.0,0.004673333956444528,6.0,1,0
COP1 c.168dup,,1.0,0.0001950078003120125,0.0001950078003120125,20512.0,COP1,146101.0,7.122708658346334,4.0,2.7378320476930344e-05,8.0,1,0
PRDM14 c.1063G>T,,1.0,0.00034126365054602185,0.000390015600624025,20512.0,PRDM14,,,8.0,,4.0,1,0
PIK3CG c.719C>T,,1.0,0.0014625585023400937,0.0014625585023400937,20512.0,PIK3CG,9227.0,0.44983424336973477,30.0,0.0032513276254470575,4.0,1,0
TBX3 c.1313G>T,,1.0,0.0006337753510140406,0.0006337753510140406,20512.0,TBX3,25974.0,1.266283151326053,13.0,0.0005005005005005005,5.0,1,0
FOXO1 c.941G>A,,1.0,0.0006825273010920437,0.0007312792511700468,20512.0,FOXO1,,,15.0,,10.0,1,0
DROSHA c.2731_2733,,1.0,0.0006337753510140406,0.0006337753510140406,20512.0,DROSHA,229895.0,11.207829563182527,13.0,5.6547554318275735e-05,8.0,2,0
KEAP1 c.1802_1803delinsTT,,1.0,0.0008287831513260531,0.0008775351014040562,20512.0,KEAP1,127386.0,6.2103159126365055,18.0,0.00014130281192595732,10.0,1,0
POLE c.1277C>T,,1.0,0.001170046801872075,0.0012675507020280812,20512.0,POLE,134509.0,6.557576053042122,26.0,0.0001932956159067423,8.0,1,0
PIK3C2G c.4106T>G,,1.0,0.000390015600624025,0.000390015600624025,20512.0,PIK3C2G,37.0,0.0018038221528861155,8.0,0.21621621621621623,4.0,1,0
POLE c.5554C>T,,0.9705882352941176,0.0016575663026521061,0.0016575663026521061,20512.0,POLE,134509.0,6.557576053042122,34.0,0.00025277119003189375,4.0,2,0
INHBA c.449T>C,,1.0,0.000390015600624025,0.0004387675507020281,20512.0,INHBA,4217.0,0.20558697347893914,9.0,0.0021342186388427793,5.0,2,0
RASA1 c.2719C>T,,1.0,0.0004875195007800312,0.0004875195007800312,20512.0,RASA1,,,10.0,,8.0,1,0
ZFHX3 c.10511T>C,,1.0,0.0004875195007800312,0.0005362714508580343,20512.0,ZFHX3,,,11.0,,7.0,1,0
MYCN c.509G>A,,,0.0,0.0,,MYCN,11910.0,,0.0,0.0,9.0,1,0
PTPRT c.826G>C,,1.0,9.750390015600624e-05,9.750390015600624e-05,20512.0,PTPRT,1.0,4.875195007800312e-05,2.0,2.0,4.0,1,0
TP53 c.473G>T,,,0.0,0.0,,TP53,224615.0,,0.0,0.0,10.0,3,1
MDC1 c.419T>C,,1.0,0.0002437597503900156,0.0002437597503900156,20512.0,MDC1,92747.0,4.521597113884555,5.0,5.391009951804371e-05,5.0,1,1
HGF c.1480C>G,,1.0,9.750390015600624e-05,9.750390015600624e-05,20512.0,HGF,47.0,0.0022913416536661465,2.0,0.0425531914893617,5.0,1,0
BCL2 c.190G>T,,1.0,0.00029251170046801873,0.00029251170046801873,20512.0,BCL2,16023.0,0.7811524960998439,6.0,0.0003744617112900206,8.0,1,0
PTPRT c.348C>G,,1.0,9.750390015600624e-05,9.750390015600624e-05,20512.0,PTPRT,1.0,4.875195007800312e-05,2.0,2.0,3.0,1,1
HGF c.756C>A,,1.0,0.0001950078003120125,0.0001950078003120125,20512.0,HGF,47.0,0.0022913416536661465,4.0,0.0851063829787234,3.0,1,0
MSH6 c.3103C>T,,,0.0,0.0,,MSH6,,,0.0,,3.0,1,1
CD79B c.302A>G,,1.0,0.00034126365054602185,0.0004387675507020281,20512.0,CD79B,,,9.0,,7.0,1,0
PGBD5 c.899G>T,,1.0,0.000390015600624025,0.000390015600624025,20512.0,PGBD5,19131.0,0.9326735569422777,8.0,0.00041816946317495165,10.0,1,0
FGF3 c.664C>T,,1.0,4.875195007800312e-05,4.875195007800312e-05,20512.0,FGF3,11.0,0.0005362714508580343,1.0,0.09090909090909091,3.0,1,1
GRIN2A c.3421C>A,,,0.0,0.0,,GRIN2A,,,0.0,,5.0,1,0
CSF3R c.1316C>T,,,0.0,0.0,,CSF3R,,,0.0,,6.0,1,0
MYCN c.131C>T,,1.0,4.875195007800312e-05,4.875195007800312e-05,20512.0,MYCN,11910.0,0.5806357254290172,1.0,8.396305625524769e-05,6.0,1,0
ROS1 c.3857G>A,,1.0,4.875195007800312e-05,4.875195007800312e-05,20512.0,ROS1,,,1.0,,4.0,1,0
PTPRT c.1237G>A,,1.0,4.875195007800312e-05,4.875195007800312e-05,20512.0,PTPRT,1.0,4.875195007800312e-05,1.0,1.0,4.0,1,0
XRCC2 c.820G>T,,1.0,4.875195007800312e-05,4.875195007800312e-05,20512.0,XRCC2,77503.0,3.7784223868954756,1.0,1.2902726346076926e-05,4.0,1,0
FLT1 c.3704C>T,,1.0,9.750390015600624e-05,9.750390015600624e-05,20512.0,FLT1,,,2.0,,5.0,1,1
ALK c.1283G>T,,,0.0,0.0,,ALK,12.0,,0.0,0.0,5.0,1,0
HGF c.838T>A,,1.0,4.875195007800312e-05,4.875195007800312e-05,20512.0,HGF,47.0,0.0022913416536661465,1.0,0.02127659574468085,8.0,1,0
CSF1R c.2695C>A,,1.0,4.875195007800312e-05,4.875195007800312e-05,20512.0,CSF1R,27.0,0.0013163026521060843,1.0,0.037037037037037035,5.0,1,0
NKX3-1 c.53C>T,,,0.0,0.0,,NKX3-1,21039.0,,0.0,0.0,10.0,1,0
SLX4 c.4036C>A,,,0.0,0.0,,SLX4,14481.0,,0.0,0.0,4.0,1,0
