,p_alt_given_mutated,p_ref_given_wt,prop_genotyped,mean_counts,variant
ANO10 c.799A>G,,0.9669620646766169,0.7943832816929264,2.189926824444591,rhs
MGA c.3808T>C,,0.9824459428039991,0.6094007515327312,1.2385786802030456,lhs
CEP350 c.4336A>G,0.8610108303249098,0.9983203182554884,0.7099347353154459,2.346693915221834,lhs
LATS1 c.1591C>T,,0.9379162640060595,0.923330476629969,4.029797613553959,lhs
MON1A c.501T>C,,0.9633940620782726,0.36422967895049113,0.5412354143318611,rhs
QSOX2 c.376A>G,0.8376323244371552,0.8602130558652298,0.6531083130067902,1.5065594304172985,rhs
SACS c.7497C>T,0.8586542530681337,0.9859856381746583,0.7359087612894719,2.1748961698200278,lhs
SBNO1 c.627G>A,,0.9666602537261071,0.9760696156635243,8.492188015030655,rhs
SLC23A2 c.1417G>A,,0.9953580901856764,0.2706836310897225,0.3860504977256246,lhs
ZKSCAN5 c.1566A>G,,0.9385074626865672,0.49086953655481574,0.8523304107060452,lhs
GLB1 c.1824G>C,,0.9938017920905478,0.7771302771302772,2.405076405076405,rhs
HTT c.8157G>A,0.3899231080534197,0.9400994737980249,0.8018648018648019,2.4365449365449368,rhs
INSR c.1650G>A,,,0.11486661486661487,0.18816368816368817,rhs
LMTK2 c.3852A>G,0.6179540709812108,0.9685792349726776,0.4542864542864543,0.7876197876197876,rhs
MADD c.1440T>C,,0.938112136266856,0.9035224035224035,3.4443149443149443,lhs
NCBP1 c.1428G>A,0.6449704142011834,0.9715812059377327,0.8357938357938358,3.57018907018907,lhs
PARP9 c.1444A>G,,0.8875,0.5533540533540533,1.5894845894845895,rhs
SETD5 c.4131C>T,0.8879166257005211,0.9201420959147425,0.8725718725718725,3.13986013986014,lhs
SPN c.879C>T,0.6284384519041949,0.7320512639357929,0.9832944832944833,17.54001554001554,rhs
TTF2 c.382G>A,,0.87167295185003,0.8688163688163688,4.3128723128723125,rhs
AKAP9 c.1389G>T,0.9392523364485982,0.9452495974235104,0.5731871513752644,1.155799192152337,rhs
ARFGEF2 c.1294A>G,,0.8679694715862136,0.8186830800795025,2.244149515932551,lhs
JAK2 c.1849G>T,0.9325355076275644,0.9609325771896661,0.8140026928255434,3.084631659934603,lhs
KIF20B c.4945A>G,0.9311860404093414,0.9690981711162497,0.5928704237994487,1.5873565429249215,rhs
MFSD12 c.1202G>T,,0.9889310318136079,0.6607039815349106,1.9310764890684107,rhs
MKI67 c.8158A>C,0.7805320435308344,0.9914051756469558,0.6883375008014362,5.325511316278772,lhs
SLC39A11 c.168T>C,,0.991564112743152,0.5284990703340386,0.8760017952170289,lhs
TAF1B c.1386G>T,0.9330238726790451,,0.6904532922998012,1.5563890491761236,lhs
TP53 c.405insC,0.6644784828592268,0.998750705247038,0.5876130025004809,1.6788484965057382,rhs
TP53 c.742C>T,0.8513256516388857,0.95527716474101,0.5668397768801693,1.5608770917484132,rhs
ZNF609 c.2601C>T,,0.9641896087766508,0.38385586971853564,0.5670962364557287,rhs
