,p_alt_given_mutated,p_ref_given_wt,prop_genotyped,mean_counts
ANO10 c.799A>G,,0.9925231353802783,0.8207718207718208,2.718078218078218
MGA c.3808T>C,,0.9522206042955952,0.8157213157213157,2.4388759388759387
CEP350 c.4336A>G,0.5235892691951897,0.9934480476505625,0.716912716912717,2.236726236726237
LATS1 c.1591C>T,,0.9591169907554988,0.8487438487438488,2.877751877751878
MON1A c.501T>C,,0.980983606557377,0.3773633773633774,0.5524475524475524
QSOX2 c.376A>G,0.8134328358208955,0.9508379888268157,0.5224035224035224,1.0022015022015023
SACS c.7497C>T,0.7541743970315399,0.9674479166666666,0.36415436415436414,0.5374255374255374
SBNO1 c.627G>A,,0.9791137249207387,0.9523439523439523,7.156954156954157
SLC23A2 c.1417G>A,,0.9953980671882191,0.3017353017353017,0.4172494172494173
ZKSCAN5 c.1566A>G,,0.9469671859463042,0.5143745143745144,0.8957523957523957
GLB1 c.1824G>C,,0.9992914413574492,0.7413605180483426,2.03436558312496
HTT c.8157G>A,0.4910990142710019,0.9978904698874917,0.7660447521959352,1.985830608450343
INSR c.1650G>A,,,0.1939475540167981,0.567352696031288
LMTK2 c.3852A>G,0.8943154523618895,0.998646514775547,0.39501186125536963,0.6485221516958389
MADD c.1440T>C,,0.9934480344103231,0.8825415143937937,3.3330127588638843
NCBP1 c.1428G>A,0.8951351351351351,0.9980786026200873,0.3053151247034686,0.4263640443675066
PARP9 c.1444A>G,,0.9669754329440193,0.5345899852535744,1.5117009681348976
SETD5 c.4131C>T,0.995156636438582,0.9322422258592471,0.4255305507469385,0.818041931140604
SPN c.879C>T,0.9859858084135834,0.9796115042915223,0.8856190293005065,4.658908764505995
TTF2 c.382G>A,,0.9868929952728835,0.5649804449573635,1.1509264602167084
AKAP9 c.1389G>T,0.9808208154506438,0.9947560781821071,0.8084910013844024,2.304107060452238
ARFGEF2 c.1294A>G,,0.9943997925849105,0.8224668732282946,2.188674269892544
JAK2 c.1849G>T,0.994367417677643,0.9553233378767227,0.7837695299624233,2.916078845012855
KIF20B c.4945A>G,0.9915993713077882,0.9901223860460634,0.7470499044103105,2.5845474322631685
MFSD12 c.1202G>T,,0.9915518824609734,0.612103632408201,1.6070274902762212
MKI67 c.8158A>C,0.9900608608082666,0.9947155624911335,0.6648427714417562,4.272859120574856
SLC39A11 c.168T>C,,0.994888207316531,0.7953721405498055,2.1603929065858
TAF1B c.1386G>T,0.992533679597468,,0.6531083130067902,1.291185971389017
TP53 c.405insC,0.7971014492753623,0.9990003332222592,0.1632276353088536,0.20693519678291253
TP53 c.742C>T,0.9736842105263158,0.9696969696969697,0.0036917397323488694,0.004680598589228031
ZNF609 c.2601C>T,,0.9943230201532784,0.8636034016744677,3.0386973432658713
