gene,0
GBP5,0.92115736
SERPING1,0.87802976
ANKRD22,0.6951329
SLAMF7,0.6927711
PLAAT4,0.6359218
CXCL10,0.6354873
HAPLN3,0.6334735
IFITM3,0.61328244
VAMP5,0.60501784
GBP1,0.60370934
TGM2,0.5673966
C2,0.49391633
SLAMF8,0.4846323
CALHM6,0.45934486
WARS1,0.45445946
SEPTIN4,0.4501072
ALDH1A1,0.42482865
FCGR1A,0.4223038
APOL3,0.4077574
IFI44L,0.40013677
ISG20,0.39460877
MAP3K7CL,0.38669068
IFI6,0.3741431
MT2A,0.36984542
CD72,0.35545874
GBP2,0.35073972
MYOF,0.35009342
IFI27,0.3490654
LAP3,0.34312928
FCGR3A,0.3414837
TNFSF10,0.33866042
CD40,0.32591394
SDC3,0.32344848
TYMP,0.31957847
C1QA,0.3124051
P2RY6,0.31145072
DYSF,0.2920851
FPR2,0.28744727
CD209,0.28393853
FOLR2,0.27861214
ADCY3,0.27803278
ISG15,0.2778037
ATP1B1,0.27645355
PALM2AKAP2,0.27596644
P2RY14,0.25764915
FRMD3,0.25694525
IL2RG,0.25625443
CLU,0.2554865
PLEKHO1,0.2456084
OPTN,0.2429087
LMNB1,0.23942803
IFIT2,0.2281837
GAS6,0.22473614
LRRK2,0.21904935
PFKP,0.21130654
IL18BP,0.2101534
SCIMP,0.20075199
ITGB7,0.19342604
OAS3,0.19281177
PSTPIP2,0.18936354
DHRS9,0.18439867
FPR1,0.18439355
FFAR2,0.18097131
STOM,0.17935616
CCR2,0.17894304
FGL2,0.17678873
ATF5,0.16766089
IFIT3,0.1654291
LHFPL2,0.16339473
MAF,0.1603523
APOBEC3A,0.16005671
GPR84,0.15599298
TMEM176B,0.15450412
IRF7,0.15448552
ADA2,0.15144992
CD274,0.14942928
CSF2RB,0.14884853
SOCS1,0.14870697
CTSL,0.14380322
BCL2A1,0.14325005
LILRB1,0.14324684
IL6,0.14095658
SECTM1,0.14079033
MTHFD2,0.140038
S100A8,0.13996443
MTHFD1,0.13849038
LIPA,0.13318548
IL1RN,0.13146766
ACP5,0.12954958
HSPA8,0.12687096
RRAD,0.122652434
ASAP2,0.12222293
NR1H3,0.12158131
BANK1,0.12138082
ISOC2,0.121379524
GSN,0.11991558
NECTIN2,0.11797453
SLC1A5,0.11576913
IL4I1,0.11479989
RSU1,0.11380049
MARCO,0.11364265
FYB1,0.11201447
ERLIN1,0.11162815
SLC8A1,0.10996027
ICAM2,0.10970374
CES1,0.10962064
GIMAP4,0.10898439
ADRB2,0.107745185
CTSA,0.10539797
CLCN4,0.10516312
LAG3,0.10366714
VSIG4,0.10326934
CALR,0.10257813
S100P,0.10005445
RNASE2,0.09985864
CLEC10A,0.09753683
SLC37A1,0.09703946
MFSD2A,0.0914848
TMEM109,0.09148305
TLR7,0.0910946
PTPRJ,0.09085557
FCGR3B,0.081931114
C1orf162,0.08171269
UBASH3B,0.081137344
FMNL2,0.08048858
C3AR1,0.08028157
HSPB1,0.08002047
CD69,0.07912558
TMEM121B,0.07587899
ILK,0.07321881
SUSD3,0.07265383
RMI2,0.072526895
NABP1,0.072448075
PTPN7,0.07167296
BRCA2,0.07094088
DUSP5,0.07075861
PLEKHG3,0.06965253
PIM1,0.06662948
CENPJ,0.06594208
IFFO2,0.06504181
CREBL2,0.063808575
MPEG1,0.063319534
NDUFA8,0.06274422
IGSF6,0.061563794
PTAFR,0.061442975
EREG,0.060162783
H2BC21,0.059655614
ANPEP,0.05788005
ATP13A2,0.057216946
LOXL3,0.056533463
PLEK,0.05611765
TMEM273,0.055859603
CD84,0.05483602
SLC2A3,0.054822437
BPI,0.05481942
MSR1,0.053950757
SLC2A6,0.053716134
SUCNR1,0.053242154
JAML,0.052860796
SOCS3,0.05276902
NT5C3A,0.05116046
SLC37A4,0.051141445
S100A9,0.05081416
STARD8,0.050711922
PARP15,0.05010851
YWHAH,0.049673334
RGS10,0.049466975
SGPP1,0.04933304
AMIGO2,0.049210873
IL21R,0.0485339
NFE2,0.048191935
GASK1B,0.04815552
WNT11,0.04806776
CSRP1,0.047009755
PRKAR2B,0.04634261
ACAT2,0.045215018
CLEC4E,0.04491178
LIG1,0.043090913
SPON2,0.043034565
CRISPLD2,0.042792365
TNFAIP3,0.042133015
DHCR24,0.042059597
SCCPDH,0.04189397
RASGEF1B,0.04183442
SIDT2,0.04099998
TNF,0.040753275
CA2,0.040313832
SRC,0.039341073
ICAM1,0.038763437
TNS1,0.03820938
FCGR2A,0.037153408
ASAP1,0.037055604
DAPP1,0.03674967
CPEB4,0.035900634
MBOAT2,0.034649972
ISOC1,0.03415927
EGR2,0.034051653
PTGER4,0.03384262
RGS3,0.033659764
TEDC1,0.033541057
MMP14,0.03299058
SERPINH1,0.03289669
ME1,0.032886975
CXCL2,0.032048345
EHD1,0.032021005
CD79B,0.03199537
TMEM176A,0.031154197
CMIP,0.030873757
TMBIM1,0.030793354
CTSB,0.030622464
SDC4,0.030446101
NAA80,0.029842721
FLNB,0.029440533
CLEC9A,0.029416485
SLC31A2,0.028441234
CKS2,0.027295515
STEAP3,0.027158355
SLAMF6,0.026891857
C15orf48,0.026350353
PTGIR,0.025822725
LSS,0.025815185
TUBA1B,0.025467798
HPSE,0.024709512
LZTS2,0.024611086
CKS1B,0.024416864
OLFML2A,0.024407916
PLAUR,0.022765353
RGL1,0.022672297
ACAT1,0.022585353
CD83,0.022566928
CTNNBL1,0.022378722
DNMT1,0.021858925
FDXR,0.021821272
WIPI1,0.021675613
TEC,0.021287898
ACSL5,0.021254215
FARSA,0.021058554
EAF2,0.021014987
TLN1,0.020964857
BUB3,0.020425875
MICALL2,0.020346116
AFF2,0.019493617
PRIM1,0.01936429
CAPN1,0.019217176
SRI,0.019069308
MS4A7,0.01806592
NPDC1,0.017911525
EIF2S1,0.017803548
HOXA10,0.017710503
RHOU,0.017696328
CYCS,0.01752286
TNIK,0.017402355
SLC40A1,0.017210029
CCND2,0.01696539
SAMHD1,0.016616365
CLIC4,0.016419457
TAGLN,0.016232368
FUNDC1,0.015929677
STMN3,0.01589669
ABHD16A,0.015543999
INCENP,0.015455635
BLVRB,0.015411539
DDAH2,0.015397401
PCED1B,0.014983909
PRR11,0.014937158
SOS1,0.014690643
CD226,0.014655694
CCDC167,0.014601083
GUCY1B1,0.014363217
LOXHD1,0.014131867
NEXN,0.013366499
MTARC1,0.012863205
HIRIP3,0.012718391
MNDA,0.012582228
PCCB,0.012561526
SCN1B,0.012370615
FNTB,0.012049694
DMWD,0.0119965235
BIN1,0.011587256
FAM98A,0.011497567
TP53,0.011491544
BRIP1,0.011428164
OASL,0.01139619
MARCKS,0.011359262
AQP9,0.0112828715
ANKRD28,0.011132056
FANCI,0.010956165
CTSW,0.0108284615
TRIP10,0.010799587
RASGRP1,0.01074812
PRUNE1,0.010674542
MCM8,0.010601185
NLK,0.010489267
CXCL3,0.01045859
SLC39A3,0.010369749
SLC25A37,0.010320077
RHOB,0.0102850655
HAT1,0.010243432
ARHGAP18,0.010168201
CISD2,0.010104558
GUCY1A1,0.009973103
MCM3,0.009898808
SEL1L3,0.00985633
GRB10,0.009854222
MDK,0.009695755
GMPR,0.009625379
ANKRD9,0.009571968
DCTPP1,0.009497915
GOLM1,0.009267858
LEPR,0.009136541
FAM89A,0.0090813115
CCL4,0.00891757
VBP1,0.008914634
ENDOD1,0.008698297
STEAP4,0.0086194705
NDUFB6,0.008570559
PCP2,0.008386682
OTUD1,0.008311688
PEA15,0.008239093
PRXL2B,0.008080663
PDCD10,0.008043723
TNNT1,0.0078880275
YEATS4,0.007852776
ARV1,0.007842404
SH3BP5,0.0075189564
MPO,0.0074048545
GYPC,0.007107797
IL32,0.0070341136
DHCR7,0.0069427746
HES6,0.006694283
MFGE8,0.0066061453
CD82,0.0065875174
C11orf24,0.0065264115
RGCC,0.0064728064
CCDC50,0.0063714017
MAGED2,0.0063582994
MAPRE2,0.00608169
CFAP298,0.005858958
SMC1A,0.0057789665
HSD17B4,0.005694437
EPB41L3,0.005692454
FOXRED2,0.0055183433
CD151,0.0054909587
ATAD3A,0.0054882006
ADGRG5,0.0053414362
BORA,0.0052153445
RAB20,0.005170312
HSPH1,0.005152328
SLC43A3,0.0050708093
MAX,0.004851477
SIAE,0.0048471475
SLC38A5,0.0048356443
GRK5,0.0048116227
DAG1,0.0045563304
ZMYND19,0.004482949
NUP210,0.0043893643
CTNS,0.0041800244
PROSER2,0.004052104
ELOVL7,0.0040047592
DSE,0.003884131
BCL2L1,0.0037612678
BTG3,0.0037390774
VDR,0.0037184618
CTTN,0.0037004217
PYHIN1,0.0036731504
CCL4L2,0.003662881
CXCL8,0.0034633502
SLC39A8,0.0033640596
GSTM3,0.0033294195
KLRG1,0.0030281353
ACADM,0.0030028445
ST14,0.0029741104
DNAJC9,0.0029094385
TOX,0.0028105513
ARMCX3,0.0027804393
HELLS,0.0026980692
MS4A6A,0.0026954194
HGF,0.002608344
TRGC2,0.0025993106
PTTG1,0.0025814888
VWF,0.0024921848
BEX1,0.002431494
C1orf21,0.0023930976
PTCRA,0.002342642
TIMM10,0.0022244162
UROD,0.002180652
MOB1B,0.001968593
ICAM5,0.0019641896
FSTL1,0.0019355336
TSPAN2,0.0018793163
KIF3C,0.0017981422
CD96,0.001783418
KLRK1,0.001717336
STON2,0.0017038386
NUP37,0.0016996865
CCDC9B,0.001589768
H2AC6,0.0015873741
GTF2E1,0.0014813904
POLE,0.001441718
DSN1,0.0012862068
MOB3C,0.0012777558
ZMYND8,0.0012638527
B3GNT2,0.0011420915
ZNF503,0.0011268276
C21orf58,0.0010965315
GNLY,0.0010954903
CPXM1,0.0009182603
CD3D,0.00088636274
IRF8,0.00084716984
CDCA7,0.00081240135
HOPX,0.0007647014
MMP2,0.00075721485
TSPAN9,0.00075526995
ASF1B,0.0006824754
LPAR5,0.0005890489
CLC,0.0005541551
CDK2,0.000511439
SESN2,0.00046131245
ZFYVE21,0.0004284935
MCM6,0.0003978568
SLC24A3,0.0003929095
TRAC,0.00037721192
RAB13,0.00037400052
BAMBI,0.00035618304
SERPINA1,0.00034446432
CD247,0.0003333859
TSC22D1,0.00032076304
JAM3,0.00027484578
TTLL7,0.00022609526
FRMD4B,0.00021206992
E2F2,0.00020280294
PRF1,0.00019726797
ZAP70,0.00019187354
CD3G,0.00018731522
AVP,0.00013958862
MINPP1,0.00013234362
ATP7B,0.00011255117
KLRB1,0.00011160532
FREM1,0.00010384491
LANCL3,7.21828e-05
CALN1,5.121615e-05
IL7R,1.846288e-05
TRBC1,1.03743605e-05
HROB,-1.4546484e-06
IL2RB,-4.0004004e-05
FIGNL1,-8.1832e-05
TACC3,-8.4414554e-05
KPNA2,-0.00014002745
TIE1,-0.00015251419
OSBP2,-0.00020795164
ANKRD33B,-0.00024975027
FAM83F,-0.00026159067
CD28,-0.00026860903
FGFBP2,-0.00027030671
EGR3,-0.00027675554
ARG2,-0.000300742
CHAF1B,-0.00032162783
PDE2A,-0.00032553403
CENPM,-0.00033998134
STAP1,-0.00035255705
EMILIN1,-0.00035393581
ADGRG6,-0.00037030492
CD6,-0.00039561975
RORA,-0.00041426683
TSPAN18,-0.0004194045
IFT25,-0.00042470824
GGCT,-0.00043927543
TMEM158,-0.0004589744
TXK,-0.00048219465
CDC42BPA,-0.00048697053
GP6,-0.0005152204
CD3E,-0.0005222389
HSP90AA1,-0.00053406355
EGLN3,-0.0005955785
SH2D1A,-0.0006065742
NCKAP1,-0.0006695847
PRKG2,-0.0007050146
MDC1,-0.0007126704
RHOH,-0.0007199908
FBN1,-0.00075871655
RAB6B,-0.00080428075
MAPK12,-0.0008364856
CCR4,-0.00084133947
CAV2,-0.000863167
PIM2,-0.0009503495
MS4A3,-0.0009515254
LRP12,-0.00097537617
PAWR,-0.0010340167
HLF,-0.0010587907
WASF1,-0.0010643473
TMA7B,-0.0010923697
PCYT1B,-0.0011079202
PRKG1,-0.0011490753
RHEX,-0.0011599984
PEAR1,-0.0011672301
SLC22A23,-0.0011931676
INPP4B,-0.0012084872
SPOCK2,-0.001221971
SPNS2,-0.0012502737
HPGDS,-0.0013282932
LBH,-0.0013413992
DTL,-0.0013716652
BACE2,-0.0014264737
B4GALT2,-0.0014344829
DAB2,-0.0015195734
UNG,-0.001538116
CAVIN1,-0.0015912943
PDZK1IP1,-0.001595814
CENPK,-0.0016020744
ERG,-0.0016118394
MYCT1,-0.0016464108
KCNK5,-0.0016548425
CARD11,-0.0016605259
TFR2,-0.001708937
PATJ,-0.0017465603
PDHA1,-0.0017858746
CYP7B1,-0.0017974424
SCD,-0.001811303
CDKN2C,-0.0018195817
ABLIM1,-0.00185458
SASS6,-0.0018628396
PCLAF,-0.001868429
HOXB3,-0.0018870116
SYTL4,-0.0018937397
GNAZ,-0.0019030307
RYR3,-0.0019179537
CTDSPL,-0.0019180654
TIMELESS,-0.0019331836
TMEM263,-0.001940439
WDR76,-0.0019580147
HTR1F,-0.0020019114
TMCC2,-0.0020202394
ALDH5A1,-0.0020430975
FUT8,-0.0020681387
POLA2,-0.0020783485
STIL,-0.002117024
MSH2,-0.0021206362
IKZF3,-0.0021289575
SOCS2,-0.0021472787
GNGT2,-0.0021627427
CCND3,-0.0021705334
PTK7,-0.0021739681
CRACD,-0.0021914258
RBPMS,-0.0022189463
CD34,-0.002287375
GDF11,-0.0023425655
SLC18A2,-0.0023942462
PLPP3,-0.0024030884
CABLES1,-0.002424801
PPIL1,-0.0024629913
IDH2,-0.0024990113
EFHC2,-0.0025065395
FEN1,-0.002542098
ZNF521,-0.0025490464
TCF7,-0.0025619755
CDT1,-0.00259916
SYNGAP1,-0.0026000151
SYNE2,-0.0026046764
KCNH2,-0.0026090243
ESYT1,-0.002621734
LXN,-0.0026410448
AEBP1,-0.0026972871
ABLIM3,-0.0027017784
BMP6,-0.0027023258
PTGES3L,-0.002722756
CDKL1,-0.0027414947
MFSD2B,-0.0027427168
GFI1B,-0.0027671163
SULT1C4,-0.00278922
ZNF555,-0.0028919987
COL18A1,-0.0029121449
CD5,-0.002922908
FN3K,-0.002938316
RAC3,-0.0029555813
PDLIM1,-0.0029570838
ATP8B2,-0.0029865094
BLM,-0.00299427
SH3PXD2A,-0.0030337917
JUN,-0.0030383542
ZNF792,-0.0030513909
PARPBP,-0.0030536542
RAB30,-0.0030875949
NBL1,-0.0030972695
CMBL,-0.0031115932
EHD2,-0.0031445613
CLIP3,-0.0031477618
DPYSL3,-0.0031653086
AEN,-0.0031742393
SPTB,-0.0031872152
SELP,-0.0032006435
GCSAML,-0.0032186706
CPA3,-0.003235823
EPAS1,-0.0032920598
CYTL1,-0.0033009755
BAALC,-0.0033032498
ARL2,-0.0033057528
BUB1,-0.003329344
LIMA1,-0.0034283348
TMEM40,-0.00347381
MAMDC2,-0.003570611
LCA5,-0.003596317
SMTN,-0.0036247545
TRBC2,-0.0036254202
PDGFA,-0.0036430326
TC2N,-0.0036710114
ELANE,-0.0037034813
AKR1C3,-0.003759027
TPM4,-0.0038330918
ATAD5,-0.0038891104
CLCN3,-0.0039312597
GTDC1,-0.003938743
MFAP3L,-0.003958921
EMID1,-0.0040329555
SPINK2,-0.004040137
CPOX,-0.004050895
NT5M,-0.004217739
ORC1,-0.0042209835
ANK1,-0.0042369864
KNTC1,-0.0042623696
OBSL1,-0.004300995
PRKCQ,-0.0043928493
ZNF367,-0.004422125
ITGA6,-0.0044482527
FHL2,-0.004517217
FECH,-0.004517694
HSPG2,-0.004533914
TIMP3,-0.0045576794
FADS1,-0.004593499
DLC1,-0.004644735
TUBA4A,-0.004659238
SMIM24,-0.004672354
SERPINE2,-0.0047330963
ZNF850,-0.004737681
MAP1A,-0.0048356093
CALD1,-0.00494136
CD36,-0.004967221
P2RY10,-0.00503686
CD79A,-0.005042485
RIPOR3,-0.0050915903
SUSD1,-0.0051141246
H2BC15,-0.00511813
CPNE5,-0.0051344037
DHFR,-0.0051578702
COL24A1,-0.0051584784
TMEM14A,-0.0051779076
RUFY1,-0.0051952004
ARL15,-0.0051974175
MYH10,-0.0052082054
HEMGN,-0.005214185
TNFSF4,-0.0053390777
BDH1,-0.0053964327
TREML1,-0.005438172
IGHM,-0.005440915
P2RY1,-0.005509631
GTPBP2,-0.00551718
LY6G6F,-0.0055639204
HDC,-0.005608847
MCM2,-0.005680281
NPR3,-0.005749304
GCLM,-0.0058221784
RUVBL1,-0.005826959
HBB,-0.005855418
NUDC,-0.0058788257
MYLK,-0.005940018
KIFAP3,-0.0059413793
ACSM3,-0.005944125
PBX1,-0.0059552947
SUV39H1,-0.005974523
TBXA2R,-0.006034771
S1PR3,-0.006055302
PROM1,-0.0060818414
WDHD1,-0.0061102547
PPP1R14A,-0.00612093
TPD52,-0.006125455
RANGAP1,-0.0061527165
MANF,-0.0061927307
RHOBTB1,-0.006200768
CST7,-0.0062369364
H2AC11,-0.0062383497
TMEM63A,-0.0062484727
RAB27B,-0.0062568104
LYAR,-0.0063228644
ABCB6,-0.0063304934
TPX2,-0.0063615064
INKA1,-0.006387866
SAE1,-0.0064335996
PCDH9,-0.006440015
ADCY6,-0.0064419573
TAL1,-0.0064718425
CTNNAL1,-0.006494224
FNBP1L,-0.006516522
MED12L,-0.006531198
RAB33A,-0.0065553933
MAST4,-0.006561602
MYBL2,-0.0066002132
ATN1,-0.006629346
ITGB5,-0.0066340673
GTF2A1,-0.0067182984
GADD45G,-0.0067233844
PLXNA1,-0.0067511103
CNRIP1,-0.0067886035
ADGRG1,-0.0068693003
TESPA1,-0.0068802633
CIP2A,-0.006898214
ALDH18A1,-0.006918208
KCTD12,-0.006976765
CCL3,-0.007034166
FAM117A,-0.007047761
NCAPG2,-0.0070751295
RCCD1,-0.007085317
H2AC8,-0.0071039167
HSPE1,-0.007163875
PDIA6,-0.0071838233
LTBP1,-0.0072139427
OCIAD2,-0.007338178
MMRN1,-0.007353084
TENT5C,-0.0073912777
CLEC1B,-0.007391662
VAT1,-0.0073993513
PYCR2,-0.0074291592
MEX3B,-0.007439846
MACROD1,-0.007562049
NUSAP1,-0.007636135
TCEAL9,-0.0077347076
UBE2C,-0.007817255
NADK2,-0.007826873
TAGAP,-0.007950075
GATA1,-0.00796092
SMIM1,-0.008104056
F2R,-0.008201931
FAM30A,-0.008203062
MATK,-0.008226155
PDE5A,-0.008228085
MSRB3,-0.008251467
KIT,-0.008279339
DNM3,-0.00830779
DCBLD2,-0.00835408
ETS1,-0.008427704
POLD1,-0.008551919
AFF1,-0.008555308
DNMT3B,-0.008566908
H2BC3,-0.008602746
TTF2,-0.008715393
TSPAN13,-0.008739753
MAP7,-0.0088356035
OBSCN,-0.009023108
HLTF,-0.009030005
ZNF175,-0.0090465285
UCHL5,-0.009124294
PKIG,-0.009271134
TGFB1I1,-0.009276552
MTSS2,-0.009348502
SLA2,-0.009355556
RHOC,-0.009363655
RTN2,-0.0093707
MLLT3,-0.009426981
LMAN1,-0.009528778
CENPP,-0.009582309
ANGPT1,-0.009588976
HOXA9,-0.009613666
NUDT1,-0.009683428
LGALSL,-0.009766409
AK1,-0.009871005
SWI5,-0.009934299
ACTN1,-0.010191921
TMEM64,-0.010238201
TRIB2,-0.010245553
PUS7,-0.010248341
XPNPEP1,-0.010395094
TCF19,-0.010397371
GSPT1,-0.0104230335
HEXIM2,-0.010456695
TPM2,-0.010468204
ESAM,-0.010475632
ITM2A,-0.010673424
ZNF185,-0.010720102
CLEC11A,-0.010772135
SH3BGRL2,-0.010810761
TMEM140,-0.010849579
SPRY1,-0.010918841
ABCA3,-0.010935564
ENO2,-0.010986049
SLC45A3,-0.010999941
S1PR1,-0.011105311
ELP6,-0.011119221
ATAD2,-0.011182204
MICAL3,-0.011220334
FCMR,-0.011225146
SFXN2,-0.011228868
ACOT7,-0.01123284
MYCN,-0.0112906005
RBL1,-0.01132247
CX3CR1,-0.011358885
RFC2,-0.011359492
NT5C,-0.011377157
RTN1,-0.011417826
CYP4F22,-0.011454068
DBN1,-0.011501885
GAMT,-0.011514103
H2BC8,-0.011584664
PCSK6,-0.011604734
CDCA7L,-0.011679629
SMC2,-0.011688349
DGKG,-0.011758879
DIPK1B,-0.011768542
FANCG,-0.011805784
HYOU1,-0.011836122
PHF13,-0.011903835
SLC35F2,-0.012060737
PHGDH,-0.012070008
KIFC3,-0.012078467
CMSS1,-0.012102852
RAB38,-0.0121390615
CHEK1,-0.012197164
GP9,-0.012239341
PRPF19,-0.012268966
GTF2H3,-0.012351704
MCM4,-0.012360123
ABHD4,-0.01236817
LAPTM4B,-0.012372458
CRHBP,-0.012440929
CARMIL1,-0.012458717
ZNF711,-0.012461081
UBXN10,-0.012508185
TMEM97,-0.0125549985
KLF5,-0.012558455
PHLDA2,-0.012688617
PLTP,-0.012756706
HBD,-0.012797001
RPA1,-0.012805001
VEGFB,-0.012821788
SF3B3,-0.0128447665
TTC27,-0.012988549
HEXIM1,-0.013043631
PPT2,-0.013081178
CASP6,-0.01314448
CD2,-0.013172967
DOLPP1,-0.013333049
HOMER2,-0.013339343
MEST,-0.013370184
RRM1,-0.013399179
MPIG6B,-0.01341454
ARHGEF12,-0.0134886075
HMBS,-0.013505984
GNG11,-0.013561615
DEPTOR,-0.013642471
MYEF2,-0.013655044
CENPN,-0.013712335
NUP205,-0.013739236
DNPH1,-0.013892794
ANKRD27,-0.013913126
FAM107B,-0.013922142
C1QTNF4,-0.01395231
C1orf198,-0.014119132
VWA5A,-0.014120437
MPL,-0.014170563
CENPU,-0.014183618
TFRC,-0.014186818
GMNN,-0.014200229
POLA1,-0.014216367
HCST,-0.014220285
MEIS1,-0.014357781
NDRG2,-0.014389357
LGALS12,-0.014410349
OXCT1,-0.014446703
CMTM6,-0.014543753
VANGL1,-0.014657952
XYLT2,-0.01469455
TTC7B,-0.014694656
SDF2L1,-0.014719314
SMIM5,-0.014776358
ZC3H12C,-0.014881743
MINDY2,-0.014939146
RRP12,-0.014954616
ORC6,-0.014970123
GNAI1,-0.015111435
C19orf33,-0.015127609
ERG28,-0.015266181
MPP1,-0.015338753
CENPV,-0.015436707
AHSA1,-0.0154449595
PPFIBP1,-0.015567461
GGH,-0.015759472
DTYMK,-0.015790995
P2RY13,-0.015854985
DUSP6,-0.016019233
CST3,-0.016093126
HDDC3,-0.016124137
AZU1,-0.016281849
CLUH,-0.016367432
CD300E,-0.0165102
LY9,-0.016586063
TTC19,-0.016661135
SMC4,-0.016849503
GET1,-0.016908683
DUSP8,-0.016940963
SHCBP1,-0.016945487
JPT2,-0.017057985
AIFM1,-0.017088346
CRIP1,-0.017124832
CFAP45,-0.0172069
PADI2,-0.01730645
PRELID2,-0.017314093
CCDC28B,-0.017466385
CEP70,-0.017662728
DMTN,-0.017733958
CAD,-0.017839829
PRC1,-0.017956516
DHRS11,-0.018029045
MZT1,-0.018047255
CDKN2AIP,-0.01816048
ZNF778,-0.018192915
MYB,-0.018234657
INKA2,-0.01831489
SLC2A1,-0.01848907
TRAP1,-0.018616688
P2RX5,-0.018641157
H2AC25,-0.018732524
MIS18A,-0.01879075
NDC1,-0.018807534
GNB5,-0.018855266
HADH,-0.018869279
ETFA,-0.018874573
UQCC2,-0.018958464
MXD3,-0.018985953
PTMS,-0.019220827
PGAM5,-0.019270744
RASAL2,-0.019278476
HMOX1,-0.019351423
VDAC3,-0.019434698
TRIM24,-0.019493297
GRAP2,-0.01950782
SEPTIN5,-0.019548211
FHL1,-0.019560896
ARMC6,-0.019580662
DAP,-0.019663671
APOE,-0.019677341
ARHGAP11A,-0.019867696
ATP8B4,-0.019935697
BCL2,-0.02007157
SLC10A7,-0.020129118
ARHGAP6,-0.02014163
HPGD,-0.020218933
MINDY1,-0.020242697
PTBP1,-0.020262906
CENPH,-0.0203167
CCL3L3,-0.020317018
MYL9,-0.02034267
NACC1,-0.020363484
CDKN1C,-0.02041579
HTRA2,-0.020526197
MYC,-0.020583928
LHFPL6,-0.02064803
TPM1,-0.020820975
SQLE,-0.021025363
WDR74,-0.021042762
RASD1,-0.021266926
LRP8,-0.021284023
NMNAT3,-0.021367636
GSTCD,-0.021394355
DYNC2I2,-0.021452548
KEAP1,-0.021454956
BAG2,-0.021635663
TSPAN33,-0.02164334
RGS18,-0.02170802
NBEAL2,-0.021797238
C2orf88,-0.021833077
ATIC,-0.021908034
MGLL,-0.02197653
H2AX,-0.022101097
TUBGCP4,-0.02214337
NR4A3,-0.022193527
IMMT,-0.022313975
BIN2,-0.022315418
NAA38,-0.02239245
TSPOAP1,-0.022398543
WEE1,-0.022410067
METTL5,-0.022414168
STIM1,-0.022588493
SLC35B4,-0.022596743
KNSTRN,-0.022637924
NUCKS1,-0.022896286
C1QBP,-0.023105372
PNMA1,-0.023166837
E2F1,-0.023201047
NRARP,-0.023348056
NCKIPSD,-0.023413373
TRMT1L,-0.023476534
LANCL1,-0.023545709
SLC7A1,-0.023560606
H2AZ1,-0.023863586
ROCK2,-0.02402035
RFC3,-0.024103543
CKB,-0.024353739
PSMB5,-0.024368702
RFX2,-0.024380205
ERAL1,-0.024418423
CHEK2,-0.024527851
TMEM9,-0.024542108
VASP,-0.024599625
UNC13D,-0.02471017
TYMS,-0.02486572
DIAPH1,-0.024894133
IMP4,-0.024928035
HGH1,-0.024934758
TFDP2,-0.024954915
NDUFAF3,-0.025068907
MLC1,-0.025082465
C12orf75,-0.02516834
HAGHL,-0.02524814
GATA2,-0.025290264
DAAM1,-0.025314417
PITPNM2,-0.025318012
BCL6,-0.0253205
PRKCA,-0.025377352
HACD3,-0.025517354
HES4,-0.025530761
HDGFL3,-0.02556593
EZH2,-0.025626719
DOK2,-0.025662007
TUBA1C,-0.025976036
PTGER2,-0.026047532
KLF9,-0.026227517
THOP1,-0.026331142
RASA3,-0.026493717
AGPAT1,-0.026541797
PRSS57,-0.02662372
ST7,-0.026698284
SEMA7A,-0.026747525
DAD1,-0.02690956
PRDX4,-0.027037906
AIMP2,-0.027101068
DTD1,-0.027159225
PFKM,-0.02717603
TMEM185A,-0.027400173
SLC38A1,-0.027491633
PLA2G12A,-0.02754651
HIPK2,-0.027585264
ATP2C1,-0.027735028
SIAH2,-0.027751181
STT3A,-0.027928336
SLC29A1,-0.027994044
TTC8,-0.028179508
CMAS,-0.028291125
CAVIN2,-0.02831916
SPAG5,-0.028338091
DNAAF2,-0.028361848
TEX2,-0.028459411
UROS,-0.028538413
PSMG3,-0.02854768
FAXDC2,-0.028728714
BYSL,-0.028783578
GOT2,-0.028825862
PFKFB3,-0.028919112
UHRF1,-0.029022278
SHMT1,-0.029377174
RANGRF,-0.029527271
NFIA,-0.029554183
OGFOD1,-0.029578973
NPM3,-0.029676354
BEX3,-0.029687969
DDX39A,-0.029858446
SUPT16H,-0.030082077
H4C11,-0.03013008
TCEA2,-0.030487059
EGFL7,-0.030544385
DONSON,-0.030574672
EHD3,-0.030599084
BLMH,-0.030930517
ITGB3,-0.031191995
RASGRP2,-0.031209596
NECTIN1,-0.031261995
MDM1,-0.03143135
CD14,-0.03152296
ATPAF1,-0.03179498
MIF,-0.03185938
ATP6V0A2,-0.031876773
KIF22,-0.03192099
ACTL6A,-0.031922214
MMD,-0.032193992
PDE4B,-0.032288577
FAM162A,-0.03232977
PF4,-0.032496847
FERMT3,-0.03254787
ZNF703,-0.032687433
ISYNA1,-0.032774284
RCHY1,-0.032843087
SRPRB,-0.033071693
ZGRF1,-0.033140186
HMGCS1,-0.03314119
ITGA2B,-0.033175856
BRD8,-0.033194523
CTR9,-0.03322599
TMEM106C,-0.033338178
TRIM58,-0.033525664
KCNA3,-0.033714373
HPRT1,-0.03379902
NKG7,-0.034043208
ANP32E,-0.034093577
CALU,-0.034137066
CSF1,-0.03414941
NCAPD2,-0.034266673
PELI1,-0.034339964
RBFA,-0.03473088
SEMA4C,-0.034734994
TM7SF3,-0.034902442
ZBTB16,-0.034905843
ADA,-0.034906954
KLF2,-0.034956872
CDK6,-0.03503751
MLEC,-0.035048842
HSPD1,-0.03510372
LGMN,-0.035105012
INF2,-0.03513828
FADS2,-0.035322152
CKAP5,-0.035361227
KIAA0513,-0.035575014
ABI2,-0.03564738
CSF1R,-0.035775214
ANO6,-0.035795838
CYP27A1,-0.035819814
DNM1L,-0.035882678
PRMT1,-0.035917725
H1-0,-0.03592382
LAGE3,-0.03597044
ATP5IF1,-0.036217667
EFNB1,-0.036367945
MVK,-0.036398143
NTNG2,-0.036521126
DCXR,-0.036531284
FGFR1OP2,-0.03671225
PDIA5,-0.036769785
TOP1MT,-0.036888428
GNL3,-0.036891244
CENPW,-0.03691058
BOP1,-0.036960162
FAM3C,-0.037193105
MEGF6,-0.037204124
RASA1,-0.03761644
RFWD3,-0.037642825
TPGS2,-0.03772313
CASP3,-0.037771456
EXOSC8,-0.037783008
AREG,-0.037933372
ENSG00000167747,-0.03795795
CBX5,-0.038242348
FH,-0.038957313
ABCC5,-0.03909669
EPRS1,-0.039264582
PLK2,-0.039309844
SIGMAR1,-0.039410025
NCAPD3,-0.039455004
PRKD2,-0.039460648
TUBG1,-0.039653707
MSANTD3,-0.039697994
DKC1,-0.0398693
IARS1,-0.03988189
SETBP1,-0.04010313
SERPINE1,-0.04013394
ACTB,-0.04042625
AHCY,-0.04055079
LAT,-0.040615126
CKAP2,-0.040729016
LRRC32,-0.04084706
CTPS1,-0.040902123
GMPPB,-0.041058645
ARMC8,-0.041100133
PSMC5,-0.041140415
C1orf109,-0.04117842
HSP90B1,-0.04123213
GP1BB,-0.041372627
TUBB1,-0.04183627
TAGLN2,-0.041998886
CDKN1A,-0.04200201
SERPINB2,-0.042369425
SACM1L,-0.042498782
SLC44A1,-0.042590603
PNP,-0.04269018
TMEM91,-0.04273512
EXOSC4,-0.04283803
CRLS1,-0.042909313
HERC2,-0.042918693
KLHDC3,-0.043026574
DUT,-0.04305141
CLEC4D,-0.043069903
UBE2O,-0.043074943
CYB5R3,-0.04335854
GADD45B,-0.043453723
IFRD2,-0.043651696
EBNA1BP2,-0.04388045
NLRP3,-0.043974273
CCDC14,-0.044023424
ELAVL1,-0.044137463
PM20D2,-0.044174593
GFRA2,-0.044191357
POLR2H,-0.04430908
NAXE,-0.04432267
SNRNP40,-0.044343486
XPO5,-0.04436229
ASGR2,-0.04438024
CDC25B,-0.044408277
SSX2IP,-0.044420145
ABCA1,-0.044451747
ZC3H12A,-0.04466167
MRTO4,-0.044766255
MPC2,-0.0449648
SMOX,-0.045019813
DENND4A,-0.045362324
LMNB2,-0.04548132
ACSL1,-0.04550504
EIF4A3,-0.045670137
PGRMC2,-0.04595071
C11orf21,-0.046038862
KIF2A,-0.04618457
DUSP7,-0.046518516
SPRY2,-0.046573322
CCL5,-0.046760935
TCF4,-0.046764743
TXNDC5,-0.046861667
LILRB2,-0.04703141
TGFB1,-0.047042504
LDLRAP1,-0.04725632
ALAD,-0.04727223
NHP2,-0.047361284
MCEMP1,-0.047478866
CDC42BPB,-0.04747953
AGBL5,-0.047589246
NUCB2,-0.04777469
SFXN1,-0.04785601
BMP2K,-0.04790989
MDM2,-0.048019905
RALGPS2,-0.048132777
LSM2,-0.048291266
VEGFA,-0.048341036
PTPN12,-0.04895408
SNRNP25,-0.04899896
CNST,-0.049213134
WRNIP1,-0.04947305
ADORA2A,-0.049687892
PPM1G,-0.049850296
ABCC4,-0.0499841
SLC25A38,-0.050150555
MAGED1,-0.050207615
PSRC1,-0.050409064
BTK,-0.050481316
TSPAN32,-0.050895862
EIF4G3,-0.05104999
NECAB3,-0.051157102
SLC7A5,-0.05130595
STX1A,-0.051343367
MTA2,-0.051504143
SPARC,-0.05151986
CCR1,-0.05154555
FAM216A,-0.05170948
TPST2,-0.05176053
NUDCD2,-0.051773213
LSM4,-0.051846802
NCK2,-0.052129894
MCM7,-0.052144013
WLS,-0.05216066
TREML2,-0.05217398
SYNE1,-0.05239153
NOP56,-0.052483045
CFP,-0.052734584
TRIM59,-0.052966982
MYO19,-0.053144302
ST6GAL1,-0.053235292
FSCN1,-0.053254288
NET1,-0.053278014
ADSL,-0.053426012
LRG1,-0.053584713
RAB44,-0.05383864
WDR49,-0.05420304
NME1,-0.054358065
DNASE2,-0.05495376
ASTL,-0.055540882
HMGB2,-0.05561988
DUSP2,-0.055656023
CCNG1,-0.055744536
CCT2,-0.055888616
LRBA,-0.05591029
INAFM2,-0.055933237
ATF3,-0.056887995
GPAA1,-0.056899898
VARS1,-0.056976475
PRDM1,-0.057034828
KCNK6,-0.057107948
RCAN1,-0.057247296
PTK2,-0.05729801
CRBN,-0.057371754
PRKDC,-0.057482515
MCM5,-0.05765514
MTHFD1L,-0.05779196
GPR35,-0.058309317
PHF6,-0.058685146
TLK1,-0.058861062
CDCA4,-0.05907225
PRKACB,-0.059383053
DDX1,-0.05939668
TOB1,-0.059888568
IGFBP7,-0.060039327
BCL7A,-0.060104482
KIF20B,-0.060266674
YES1,-0.060295776
UBAC1,-0.060652066
SEPTIN11,-0.060750317
PFAS,-0.060923785
HDAC9,-0.061092857
SLC5A6,-0.061093234
FXN,-0.061152168
TIMP1,-0.06136836
SLC44A2,-0.06143422
ELF1,-0.06144751
NOP58,-0.061473742
GAR1,-0.06166103
PMP22,-0.06188731
SLC16A1,-0.06272638
GADD45A,-0.062748134
MINK1,-0.06296185
SEC61A1,-0.063017935
SURF4,-0.063058
PRKAB1,-0.06347321
EVI2A,-0.06398875
GMPS,-0.064201966
PRG2,-0.064249575
DNAJB11,-0.0642691
COQ2,-0.064315915
RCL1,-0.0643996
CORO1C,-0.06445718
NOL4L,-0.06448973
LRRC8B,-0.06459503
AFF3,-0.06462559
INPP5A,-0.06489
TIMM13,-0.064920366
CISH,-0.065102376
PPIB,-0.06516932
REXO2,-0.065291554
PARVB,-0.06558078
KLF4,-0.06583383
DHX29,-0.06584673
CD109,-0.066077136
PLIN5,-0.06615681
SEMA3C,-0.06632645
TWSG1,-0.06652291
ALOX5AP,-0.06667035
MAP4K5,-0.06689505
NUDT21,-0.06691722
OFD1,-0.06692438
BTBD6,-0.06711304
MSH6,-0.067228496
SSRP1,-0.067578316
NOP16,-0.06775559
STK17A,-0.06797107
ADD3,-0.06800392
NT5DC2,-0.068324104
PA2G4,-0.06853614
BTBD19,-0.068820834
GSE1,-0.069117166
TCP1,-0.069326766
ABCC3,-0.06936559
ABI3,-0.06940369
CFD,-0.06943407
INSIG1,-0.06964184
IRF4,-0.06966491
IFRD1,-0.069668464
FLI1,-0.06995413
BZW2,-0.07037032
ADM,-0.070542
H2BC9,-0.070607945
CXCR4,-0.07097868
SPINT2,-0.07098393
PDK1,-0.07130866
XBP1,-0.07195899
ATG4D,-0.07222073
CCR5,-0.07267136
ARID3B,-0.072919145
CDIP1,-0.073393784
PMAIP1,-0.07341017
ADAM19,-0.073655576
ATP2A3,-0.07366859
TUBB,-0.0741317
PTGS2,-0.07439462
TTLL12,-0.07462685
FASN,-0.07499309
HDAC5,-0.07500466
SMIM3,-0.075125664
ARHGAP21,-0.075179264
KRI1,-0.0757357
ZFP36L1,-0.076465935
FDFT1,-0.07664562
DYNLL2,-0.07739236
ITGAM,-0.0776619
RHOF,-0.077978015
NAE1,-0.0780309
CD86,-0.07824953
CDR2,-0.07845333
NID1,-0.07856965
IL13RA1,-0.07879317
CEP20,-0.07899328
MITF,-0.07902478
SLBP,-0.07908879
VRK1,-0.079238325
RBP7,-0.0793684
VCL,-0.07939284
NME4,-0.079908565
PAPSS1,-0.07991082
NOLC1,-0.079965144
SPNS3,-0.08019668
TMEM14C,-0.08026095
RDH11,-0.08080703
PTGS1,-0.080826566
GAS2L1,-0.08096012
STXBP5,-0.08099902
FAM136A,-0.08104413
TFDP1,-0.08143222
SEMA6B,-0.08165016
TUBB4B,-0.08183781
CDK4,-0.08249327
TOMM40,-0.082666546
CASS4,-0.08275378
SLC11A1,-0.08313135
AXIN1,-0.08361991
SRM,-0.08374265
C5AR2,-0.084157646
RUNX2,-0.08431209
FLT3,-0.084559515
RCC1,-0.08488041
MS4A4A,-0.08493437
ITM2C,-0.08538228
C3,-0.08555874
UCK2,-0.08600584
MTURN,-0.08600983
MAP3K5,-0.086237185
PPP3R1,-0.08684072
FYN,-0.086915255
NREP,-0.08698553
MCUR1,-0.08705162
PROK2,-0.087088704
EIF3B,-0.08713384
ECI2,-0.08727206
STOML2,-0.08732057
LMO4,-0.08736321
CAMK1,-0.087814555
EIF2AK1,-0.08852075
PON2,-0.088542625
EBP,-0.08861092
SERBP1,-0.08876657
SMC3,-0.08889051
COPS3,-0.08939727
UGCG,-0.08953715
KCNE3,-0.08967141
TOMM5,-0.0899834
TRIB1,-0.09035456
ZNF664,-0.09037412
ZYX,-0.09087917
VNN1,-0.09092741
CHAF1A,-0.09150173
HSPA5,-0.0919798
BAZ1B,-0.09253873
POLR2I,-0.09266791
DHX9,-0.09274374
ENC1,-0.0933443
LYL1,-0.09381993
MT-ND5,-0.09422157
SNCA,-0.09489453
ZDHHC2,-0.09490612
JAG1,-0.09495834
TSR1,-0.0950152
USP1,-0.09532456
F13A1,-0.09546086
SPN,-0.09580994
DGKD,-0.096108146
MYDGF,-0.09666389
PDCD4,-0.097152114
HINT2,-0.09734018
CDK2AP1,-0.097568095
GLRX5,-0.099822864
FBP1,-0.0998948
PDZD8,-0.10019408
EMD,-0.10088289
BBC3,-0.1009102
TMSB4X,-0.10139796
CAT,-0.10140652
C12orf57,-0.10156651
NR4A2,-0.101864874
ID3,-0.10228087
FCGBP,-0.10351507
CBFA2T3,-0.10363274
PHF19,-0.103868395
MGST1,-0.10479149
CLN6,-0.10512083
H1-10,-0.105145745
SPHK1,-0.10533856
TUFM,-0.10597485
SGK1,-0.10598257
LRPPRC,-0.10601683
LILRA1,-0.10627504
LDB1,-0.10669617
RGS2,-0.10692757
MAN2A2,-0.10697095
DHRS3,-0.10700611
POLR2L,-0.10717702
FLNA,-0.10723884
NCAPH2,-0.1077221
SMARCA4,-0.10906689
BRI3BP,-0.10942211
POLD2,-0.109616734
ODC1,-0.10997601
VASH1,-0.11009057
CYREN,-0.11015818
GFOD1,-0.11058916
SSBP2,-0.11069691
STAM,-0.11109953
HMGN1,-0.11174797
H4C3,-0.111858085
NAB2,-0.11247524
MPST,-0.11291484
BCAT1,-0.11291802
FOSL1,-0.113727786
F5,-0.11416238
HDAC7,-0.11426089
LTB,-0.114800856
SAMD1,-0.11590633
CITED2,-0.116481364
SLC7A7,-0.11773404
H1-5,-0.11866358
NEDD4L,-0.11881123
MAFB,-0.119108275
PPBP,-0.11923051
PRDX2,-0.119769946
PEBP1,-0.120519586
CKAP4,-0.120784685
FCER1A,-0.122709826
BHLHE40,-0.12284769
CXCL16,-0.12478853
NDUFAF8,-0.12503316
CD163,-0.12534937
ANP32B,-0.12541713
ZNRF1,-0.12545723
S100A12,-0.12620579
FHOD1,-0.12624945
SYNGR1,-0.12659225
MT-ND4L,-0.12711102
PLBD1,-0.12757248
PDLIM7,-0.12778185
MAP3K8,-0.12922874
CEBPB,-0.12944643
SRSF8,-0.13007963
FCGR2B,-0.1305557
ACTG1,-0.13082236
FCAR,-0.13083372
CERS2,-0.13093553
RPIA,-0.1323847
IL1B,-0.13318771
VCAN,-0.13398826
APEX1,-0.13406484
CCT6A,-0.13579535
IMPDH2,-0.13648535
PPIF,-0.13734695
C5AR1,-0.13751376
PTP4A3,-0.13799617
NCL,-0.13906005
RAB32,-0.13907401
CDKN2D,-0.13955884
MGAT4B,-0.14055571
LGALS1,-0.14126402
MEF2C,-0.14312755
ADGRE1,-0.14417417
LRRC25,-0.14429235
ATP8A1,-0.14442796
CDA,-0.14706248
CR1,-0.14903976
THBD,-0.14955029
LILRA5,-0.14958282
MYH9,-0.14995198
OSM,-0.1499631
RGS1,-0.15135404
SLC30A1,-0.15176935
VNN2,-0.15216026
MT-ATP6,-0.15274982
RBM38,-0.15278599
MAFF,-0.15326586
P2RX1,-0.15453854
MPP7,-0.15542553
PADI4,-0.15567783
TP53INP1,-0.15578341
KDM1A,-0.15579513
MT-CYB,-0.15584062
SOX4,-0.15734619
MT-ND2,-0.1585078
CYP1B1,-0.15977176
PECAM1,-0.16069946
TSPAN3,-0.1609552
AKR1B1,-0.16241597
EEF1B2,-0.16250513
DDIT4,-0.162893
RNF19B,-0.16319616
FAM110A,-0.16480489
MT-ND1,-0.16494243
YIF1B,-0.16564302
JDP2,-0.1667448
CDC42EP3,-0.16751067
IER3,-0.16758534
MTSS1,-0.16829929
NRGN,-0.16954905
MT-ND3,-0.17113885
CD9,-0.17514747
ID2,-0.17692645
MT-CO3,-0.17705372
HBEGF,-0.17776352
PLD4,-0.17942414
TGFBI,-0.18014403
CD52,-0.18047617
MT-CO2,-0.18154576
MSI2,-0.18203339
RAB37,-0.18349713
MT-ND4,-0.18352081
CEBPD,-0.1872929
LDHB,-0.18758392
EGR1,-0.18814026
LGALS2,-0.18816696
MARCKSL1,-0.18848558
HERPUD1,-0.18895
IRS2,-0.18933973
ITPKB,-0.1894399
EMP1,-0.1898399
OLR1,-0.19596323
TMPO,-0.2012435
NRG1,-0.20137128
STAB1,-0.2019706
TESC,-0.20233697
PTX3,-0.20294133
MT-ND6,-0.20494826
LGALS3,-0.20722602
ECE1,-0.21039125
TREM1,-0.2205008
CITED4,-0.22233003
ID1,-0.22311316
TBC1D8,-0.22483554
RNASE6,-0.22657256
HES1,-0.23970366
CD300LB,-0.24127606
H1-4,-0.24498755
PITPNC1,-0.25085592
PHLDA1,-0.25354084
GPR183,-0.257074
TPPP3,-0.2574404
PID1,-0.27435914
NR4A1,-0.27700347
IER5L,-0.28126842
SMAD7,-0.2847781
LMNA,-0.2942797
SIGLEC10,-0.30814165
BCL11A,-0.30837458
H1-3,-0.3160199
G0S2,-0.3311416
H1-2,-0.34444875
ARL4C,-0.48527825
THBS1,-0.5087045
