name,BC1,BC2
AXL c.1103G>A,0.00911806319761044,0.05575411007862759
CARD11 c.2149G>A,0.0015720798616569722,0.01027519656897784
EGFR c.1889_1894delinsTAGGAT,0.05580883508882251,0.5869370979270908
EGFR c.685A>T,0.0679138500235812,0.3674052894924946
IDH1 c.395G>A,0.012891054865587172,0.09337026447462474
TP53 c.584T>C,0.016664046533563907,0.1635096497498213
CIC c.3583G>A,0.016821254519729604,0.1786097212294496
EZH2 c.1011G>T,0.00911806319761044,0.1288420300214439
KEAP1 c.1165G>A,0.011161767017764503,0.1467119370979271
MET c.1969C>T,0.0011004559031598806,0.016440314510364547
NTRK3 c.740G>C,0.03804433265209873,0.3712473195139385
PAK7 c.235G>A,0.00015720798616569723,0.0015189421015010722
PRDM1 c.626A>C,0.0009432479169941833,0.0184060042887777
MAPKAP1 c.230A>T,0.008960855211444742,0.1043602573266619
IRS2 c.86A>G,0.016192422575066815,0.40537884203002145
TP53 c.817C>T,0.006445527432793586,0.10945318084345962
FLT1 c.1965C>G,0.0,0.0016976411722659042
ATRX c.4464_4471delACTGAGAA,0.011476182990095897,0.2659935668334525
INHBA c.449T>C,0.00015720798616569723,0.0014295925661186562
TP53 c.743G>A,0.012105014934758686,0.21345604002859186
EPHA5 c.1037A>G,0.004244615626473825,0.028323802716225876
EGFR c.866C>T,0.19446627888696746,2.4886526090064334
EGFR c.1793G>T,0.07105800974689515,0.948445318084346
EGFR c.323G>A,0.12246502122307813,1.635096497498213
TP53 c.524G>A,0.0007860399308284861,0.00920300214438885
PTEN c.388C>T,0.020594246187706337,0.1907612580414582
PIK3CA c.1633G>A,0.011790598962427292,0.10364546104360257
BRAF c.1799T>A,0.020751454173872034,0.20050035739814154
PIK3R1 c.1126G>A,0.01304826285175287,0.13116511794138672
PIK3CA c.263G>A,0.0067599434051249805,0.07818084345961401
PIK3CA c.3140A>G,0.009746895142273228,0.06897784131522516
PIK3CA c.353G>A,0.006602735418959283,0.08970693352394568
NF1_0 c.3739_3742del,0.02216632604936331,0.23677626876340244
PTEN c.517C>T,0.008960855211444742,0.07773409578270193
PTPN11 c.226G>A,0.010532935073101714,0.10051822730521802
NF1_0 c.6789_6792del,0.049992139600691717,0.38625804145818443
PTEN c.955_958del,0.0067599434051249805,0.049410293066476055
TP53 c.1024C>T,0.013362678824084264,0.16931736954967835
MSH6 c.3656C>T,0.008646439239113348,0.12562544674767692
PTEN c.697C>T_0,0.01870775035371797,0.12097927090779127
TP53 c.455C>T,0.00031441597233139445,0.0016082916368834882
EGFR c.185T>G,0.1932086149976419,2.52626876340243
PTEN c.227_228del,0.018864958339883667,0.17709077912794854
TP53 c.659A>G,0.0012576638893255778,0.013134381701215154
EGFR c.754C>T,0.15579311429020595,1.228734810578985
H3F3A c.103G>A,0.05895299481213646,0.6359006433166547
NF1_0 c.3822_3823del,0.028926269454488288,0.31549320943531095
CDKN2A c.238C>T,0.0,8.934953538241601e-05
TP53 c.916C>T,0.006917151391290678,0.14778413152251607
FANCA c.3482C>T,0.00015720798616569723,0.0040207290922087205
MYCN c.131C>T,0.0,0.0
FGFR1 c.1731C>A,0.006917151391290678,0.07880629020729092
EGFR c.2156G>C,0.07483100141487188,0.9529127948534668
SF3B1 c.1781G>A,0.025624901745008647,0.2298963545389564
NF1_0 c.5242C>T,0.02986951737148247,0.23016440314510364
NF1_0 c.4537C>T,0.02766860556516271,0.31576125804145816
APC c.3920T>A,0.03694387674893885,0.3045032165832738
NF1_0 c.7846C>T,0.004087407640308128,0.03734810578984989
PDGFRA c.685G>A,0.01933658229838076,0.2205146533238027
PTEN c.103A>G,0.0011004559031598806,0.000982844889206576
PTPN11 c.1492C>T,0.014777550699575539,0.1986240171551108
FAT1 c.5285C>T,0.020594246187706337,0.14474624731951394
EGFR c.2320G>A,0.08677880836346487,0.7104181558255898
PTEN c.830C>T,0.010061311114604623,0.12151536812008577
RB1 c.772_776del,0.016035214588901118,0.13464974982130093
ATM c.4049C>T,0.03364250903945921,0.30083988563259473
NOTCH1 c.6359G>A,0.03568621285961327,0.3590064331665475
MAP3K13 c.1394C>T,0.004087407640308128,0.03984989278055754
HRAS c.175G>A,0.0031441597233139444,0.01501072194424589
TCF7L2 c.1156C>T,0.0007860399308284861,0.027519656897784132
DDR2 c.1466G>A,0.00848923125294765,0.052001429592566116
KDM5C c.3871C>T,0.006131111460462192,0.07317726947819872
RAD50 c.1076G>A,0.017921710422889484,0.206397426733381
PIK3CA c.1093G>A,0.012733846879421475,0.11847748391708363
IRF4 c.1285G>A,0.0,0.0014295925661186562
ROS1 c.3857G>A,0.0,0.0
SUFU c.71dup,0.0,0.0
EP300 c.6787C>T,0.019965414243043548,0.19960686204431738
TP53 c.380C>T,0.0056594875019651,0.11249106504646175
PTEN c.463T>C,0.023423989938688886,0.22069335239456755
RECQL4 c.1891C>T,0.0017292878478226694,0.0295746962115797
RB1 c.1333C>T,0.004873447571136614,0.03940314510364546
PIK3CA c.1034A>C,0.0009432479169941833,0.007773409578270193
PTPN11 c.854T>C,0.0022009118063197612,0.008577555396711936
ASXL1 c.2915G>A,0.058481370853639365,0.278770550393138
ICOSLG c.809C>T,0.0017292878478226694,0.00964974982130093
GRIN2A c.167G>A,0.00031441597233139445,0.000536097212294496
BRCA2 c.4399C>T,0.0,0.00044674767691208004
POLE c.2933A>G,0.003615783681811036,0.06951393852751965
LATS2 c.1478C>T,0.00015720798616569723,0.00035739814152966406
NUF2 c.166G>A,0.0025153277786511556,0.022337383845604002
CDK8 c.967C>T,0.006602735418959283,0.05280557541100786
FLT1 c.3704C>T,0.0,0.001072194424588992
FLT1 c.838C>T,0.0009432479169941833,0.008041458184417441
BRCA2 c.1012G>A,0.0012576638893255778,0.00964974982130093
DNMT3A c.976C>T,0.008332023266781953,0.14429949964260186
IRS1 c.1955G>A,0.0015720798616569722,0.019656897784131523
ERCC4 c.1069A>C,0.0,0.0027698355968548962
BRCA2 c.5381T>C,0.002043703820154064,0.00625446747676912
FOXO1 c.941G>A,0.0006288319446627889,0.010185847033595425
CREBBP c.1855G>A,0.022323534035529006,0.2976233023588277
CREBBP c.1052G>A,0.050620971545354505,0.3549857040743388
ERCC5 c.1642G>A,0.015091966671906933,0.1121336669049321
PRKD1 c.716C>T,0.006602735418959283,0.05620085775553967
GREM1 c.256C>T,0.0,0.0008934953538241601
SDHC c.268C>A,0.0006288319446627889,0.010811293781272338
MGA c.5270G>A,0.015091966671906933,0.1785203716940672
MGA c.8371G>A,0.02090866216003773,0.21533238027162258
TP53BP1 c.101G>A,0.026253733689671436,0.2871694067190851
BRCA2 c.9430dup,0.00047162395849709165,0.005271622587562545
AXIN1 c.1475G>A,0.00047162395849709165,0.006611865618298785
TSC2 c.2608G>A,0.008017607294450559,0.26134739099356685
TRAF7 c.946C>T,0.002043703820154064,0.02501786990707648
PTEN c.755A>G,0.03254205313629933,0.26125804145818443
PIK3R1 c.1351_1356del,0.00848923125294765,0.04628305932809149
IRS1 c.551G>A,0.008646439239113348,0.02394567548248749
SLX4 c.4339G>A,0.00047162395849709165,0.005897069335239456
CREBBP c.4043G>A,0.0007860399308284861,0.005450321658327376
AXIN1 c.1762G>A,0.00047162395849709165,0.00848820586132952
ROS1 c.1289G>A,0.0,0.00035739814152966406
ARID1B c.6677C>T,0.014777550699575539,0.09220872051465333
CARD11 c.1628C>T,0.0015720798616569722,0.01590421729807005
PDGFRA c.1027C>T,0.030969973274642352,0.1690493209435311
EGFR c.1097G>T,0.004087407640308128,0.04637240886347391
PIK3CG c.1900A>G,0.0023581197924854584,0.015368120085775554
TSC2 c.202G>A,0.025624901745008647,0.3825947105075054
FAT1 c.440C>T,0.013205470837918567,0.12991422444603287
KIT c.1120G>A,0.0007860399308284861,0.011526090064331666
FAM175A c.837dup,0.00047162395849709165,0.0032165832737669764
EIF4E c.443G>A,0.027039773620499922,0.18959971408148676
TET2 c.1040C>T,0.014620342713409841,0.09551465332380271
FAT1 c.6137C>T,0.04008803647225279,0.2225696926375983
IKBKE c.350G>A,0.00047162395849709165,0.0020550393137955683
DIS3 c.2625dup,0.004244615626473825,0.0295746962115797
TERT c.1358G>A,0.0006288319446627889,0.01233023588277341
RAD51B c.489T>A,0.003930199654142431,0.05039313795568263
ERCC5 c.1189G>A,0.0023581197924854584,0.03868834882058613
ERCC5 c.1537G>A,0.006131111460462192,0.06111508220157255
ATRX c.6772_6773del,0.01021851910077032,0.16985346676197283
SPEN c.7024C>T,0.011476182990095897,0.0853288062902073
FLT4 c.1325C>T,0.00015720798616569723,0.000268048606147248
MSH6 c.3103C>T,0.0,0.0
HIST1H3I c.226G>A,0.016035214588901118,0.1758398856325947
RB1 c.1251_1252delAA,0.003930199654142431,0.030825589706933523
ARID2 c.766T>G,0.009904103128438925,0.11972837741243746
RPTOR c.1733C>G,0.004244615626473825,0.05620085775553967
SESN2 c.334C>T,0.0023581197924854584,0.01769120800571837
EZH1 c.902G>A,0.001414871875491275,0.011704789135096497
ZFHX3 c.10511T>C,0.00047162395849709165,0.004199428162973553
FANCA c.1738G>A,0.0025153277786511556,0.02037169406719085
ANKRD11 c.913G>A,0.004087407640308128,0.09167262330235883
BRIP1 c.485G>A,0.0029869517371482472,0.04771265189421015
FAT1 c.6866C>T,0.012733846879421475,0.09301286633309507
RPTOR c.2258C>T,0.0018864958339883666,0.05048248749106505
ZFHX3 c.2537G>A,0.002672535764816853,0.03609721229449607
RECQL c.179A>C,0.0031441597233139444,0.02037169406719085
ATM c.1315C>A,0.042131740292406857,0.22140814867762687
ATM c.1914dup,0.017135670492061,0.11043602573266618
ATM c.6680G>A,0.0018864958339883666,0.032165832737669764
KMT2A c.478C>T,0.017135670492061,0.17726947819871336
RPTOR c.1105C>T,0.0009432479169941833,0.008577555396711936
SDHC c.197C>T,0.012733846879421475,0.09444245889921372
BCOR c.409G>A,0.006445527432793586,0.035471765546819155
INHA c.595C>T,0.0,0.0
PTPRS c.4676G>A,0.07137242571922654,0.4559506790564689
CDH1 c.1273G>A,0.0006288319446627889,0.004199428162973553
CTCF c.443C>T,0.001414871875491275,0.0273409578270193
PDGFRA c.2525A>T,0.025782109731174344,0.36195496783416725
NF1_1 c.2446C>T,0.016349630561232512,0.2659935668334525
NTRK1 c.2035G>A,0.0,0.001965689778413152
PIK3CA c.1357G>A,0.0029869517371482472,0.01992494639027877
CDK12 c.2230G>T,0.006445527432793586,0.06433166547533953
RAD51D c.478C>T,0.004087407640308128,0.05548606147248034
STAT5B c.1102dup,0.00031441597233139445,0.0008934953538241601
STAT5A c.1888G>A,0.00031441597233139445,0.010811293781272338
NF1_1 c.7817A>G,0.007703191322119164,0.035293066476054326
NOTCH1 c.1070_1072del,0.04826285175286905,0.41511794138670477
ARID5B c.1010C>T,0.0009432479169941833,0.018942101501072194
TET1 c.184dup,0.004716239584970917,0.03582916368834882
BMPR1A c.850C>T,0.004716239584970917,0.04360257326661901
KMT2A c.3190C>T,0.036629460776607455,0.22793066476054324
FGFR2 c.751C>T,0.0025153277786511556,0.024303073624017155
FGFR2 c.569G>A,0.004244615626473825,0.05083988563259471
IGF2 c.647C>A,0.0,0.0025017869907076485
IGF2 c.223G>A,0.003930199654142431,0.01769120800571837
RPS6KB2 c.668G>A,0.0018864958339883666,0.04119013581129378
RPS6KB2 c.1175C>T,0.006288319446627889,0.06263402430307362
MRE11A c.1318G>A,0.002043703820154064,0.03252323087919943
POLE c.4555C>T,0.005030655557302311,0.07353466761972838
CHEK1 c.878A>G,0.001414871875491275,0.011079342387419585
PIK3C2G c.1775C>A,0.0,0.0
PIK3C2G c.4106T>G,0.0,0.00017869907076483203
PMS2 c.2533del,0.038830372582927215,0.27546461758398855
ARID2 c.368C>A,0.01587800660273542,0.10060757684060043
ERBB3 c.2035C>T,0.0009432479169941833,0.007416011436740529
IL10 c.320C>T,0.00015720798616569723,0.0025911365260900643
GLI1 c.1138C>T,0.00015720798616569723,0.00044674767691208004
RFWD2 c.1069C>T,0.005502279515799403,0.0228734810578985
SH2B3 c.239G>A,0.0006288319446627889,0.0034846318799142246
SH2B3 c.1064C>T,0.001414871875491275,0.04807005003573982
PTEN c.328C>T,0.011004559031598806,0.11374195854181558
MSH6 c.3261dup,0.0012576638893255778,0.008845604002859185
STK40 c.250C>T,0.007703191322119164,0.07281987133666905
AXL c.2629G>A,0.0025153277786511556,0.007147962830593281
CIC c.1343G>A,0.023423989938688886,0.31647605432451753
CIC c.3041C>T,0.009746895142273228,0.10632594710507505
ERG c.1153C>T,0.0,0.0007147962830593281
NF1_0 c.1381C>T,0.041031284389246976,0.2684060042887777
PPP2R1A c.1187G>A,0.020594246187706337,0.24088634739099357
IRS1 c.928G>A,0.0012576638893255778,0.004110078627591137
FUBP1 c.1624G>A,0.0012576638893255778,0.010721944245889922
PIK3R1 c.581del,0.01760729445055809,0.11222301644031452
PBRM1 c.2534T>C,0.02876906146832259,0.2836847748391708
MITF c.677T>C,0.0007860399308284861,0.009113652609006434
FOXP1 c.1234G>A,0.00047162395849709165,0.00017869907076483203
EPHA3 c.340G>T,0.05612325106115391,0.5483380986418871
DNMT3A c.1463G>A,0.0009432479169941833,0.02332022873481058
RAD54L c.605G>A,0.001414871875491275,0.018316654753395282
PIK3R3 c.826C>T,0.009432479169941834,0.08675839885632594
ASXL1 c.1907C>T,0.0037729916679767332,0.036633309506790564
PTPRT c.1237G>A,0.00047162395849709165,0.010364546104360257
INSR c.2461G>A,0.0037729916679767332,0.059060042887776984
SMARCA4 c.1652C>T,0.013677094796415658,0.3117405289492495
BRD4 c.3908C>T,0.02326678195252319,0.19272694781987135
UPF1 c.494G>A,0.013991510768747053,0.09104717655468192
UPF1 c.1804G>A,0.014620342713409841,0.21685132237312366
UPF1 c.2968C>T,0.0015720798616569722,0.040207290922087205
CCNE1 c.718C>T,0.0025153277786511556,0.013134381701215154
AKT2 c.97G>A,0.030969973274642352,0.4139563974267334
NCOA3 c.637G>A,0.008646439239113348,0.09506790564689063
NCOA3 c.949C>T,0.0025153277786511556,0.027519656897784132
RUNX1 c.986C>T,0.0075459833359534665,0.09051107934238742
RUNX1 c.703G>A,0.007860399308284862,0.1244639027877055
ICOSLG c.387G>T,0.00031441597233139445,0.004288777698355968
RAC2 c.277G>A,0.0006288319446627889,0.010989992852037169
EPHA3 c.872C>T,0.028926269454488288,0.22944960686204433
PPARG c.1153C>T,0.00031441597233139445,0.000536097212294496
CTNNB1 c.634C>T,0.04433265209872662,0.423963545389564
CTNNB1 c.1089G>A,0.06099669863229052,0.3750893495353824
SETD2 c.6362G>A,0.009904103128438925,0.10114367405289493
SETD2 c.4930G>A,0.01870775035371797,0.15779127948534669
SETD2 c.1712dup,0.001414871875491275,0.0033059328091493926
BAP1 c.1721C>T,0.00031441597233139445,0.011168691922802001
EPHB1 c.1404G>T,0.0023581197924854584,0.020729092208720514
EPHB1 c.2072G>A,0.0029869517371482472,0.020461043602573267
PIK3CB c.882A>C,0.013519886810249961,0.09667619728377412
ATRX c.4744dup,0.029712309385316774,0.25750536097212295
PIK3CA c.1496C>T,0.0012576638893255778,0.01635096497498213
PTPRT c.721C>T,0.00031441597233139445,0.005986418870621873
MAP3K13 c.1549C>T,0.005816695488130797,0.036454610436025735
MAP3K13 c.2659G>A,0.0059739034742964945,0.027162258756254467
FGFR3 c.841G>A,0.018864958339883667,0.24785561115082202
WHSC1 c.808G>A,0.023423989938688886,0.18048606147248034
PDGFRA c.863A>G,0.02483886181418016,0.2628663330950679
MST1 c.494G>A,0.0044018236126395225,0.06200857755539671
ATRX c.6338_6341del,0.010375727086936017,0.10176912080057184
FGFR1 c.2059A>G,0.02373840591102028,0.17387419585418157
ABL1 c.1766G>A,0.014305926741078447,0.23981415296640457
SPEN c.2439dup,0.016664046533563907,0.26134739099356685
NOTCH1 c.5015G>A,0.01807891840905518,0.21622587562544673
MDC1 c.419T>C,0.0015720798616569722,0.00848820586132952
NOTCH1 c.2108G>A,0.008017607294450559,0.04994639027877055
TRAF2 c.382C>T,0.00031441597233139445,0.0032165832737669764
MTOR c.1856G>A,0.019493790284546456,0.13974267333809864
PIK3CA c.113G>A,0.007388775349787769,0.07407076483202288
KDM6A c.2800G>A,0.009275271183776137,0.048695496783416725
SPEN c.1475C>T,0.012105014934758686,0.1065939957112223
ERRFI1 c.976T>G,0.00455903159880522,0.035471765546819155
AMER1 c.3104A>G,0.0006288319446627889,0.020014295925661188
MED12 c.641dup,0.0023581197924854584,0.031451036454610434
MTOR c.6178C>T,0.007231567363622072,0.07746604717655468
MTOR c.4445G>A,0.004087407640308128,0.06531451036454611
BCOR c.4982G>A,0.00455903159880522,0.04172623302358828
SESN2 c.1385C>T,0.001414871875491275,0.01277698355968549
FAT1 c.2956G>A,0.01980820625687785,0.13134381701215153
FH c.1431_1433dup,0.011790598962427292,0.0864903502501787
SDHA c.1643A>G,0.011633390976261595,0.226590421729807
DROSHA c.1618G>A,0.010061311114604623,0.0942637598284489
RICTOR c.1453C>T,0.0012576638893255778,0.021443888491779844
PIK3R1 c.1685G>A,0.028140229523659802,0.38429235167977127
RASA1 c.2719C>T,0.0012576638893255778,0.008130807719799857
APC c.596C>T,0.046061939946549287,0.42557183702644746
FGFR4 c.1660G>A,0.0056594875019651,0.06933523945675482
BCOR c.1016C>T,0.00015720798616569723,0.00017869907076483203
MAPKAP1 c.1000G>A,0.015091966671906933,0.10891708363116512
MAP3K1 c.3590C>T,0.0051878635434680085,0.11168691922802002
SYK c.131G>T,0.0018864958339883666,0.00830950679056469
SYK c.845C>T,0.001414871875491275,0.016082916368834882
IRS1 c.1478G>A,0.002672535764816853,0.009828448892065762
XPO1 c.1658G>A,0.05156421946234869,0.409578270192995
NF1_1 c.7037_7040del,0.012733846879421475,0.08559685489635453
FBXW7 c.1394G>A,0.006131111460462192,0.06888849177984274
INPP4A c.2656C>T,0.0007860399308284861,0.005003573981415297
ERBB4 c.916C>T,0.01650683854739821,0.10855968548963546
FGFR3 c.1948A>G,0.008174815280616256,0.0658506075768406
BARD1 c.1973G>A,0.006917151391290678,0.058791994281629734
CUL3 c.362A>G,0.0051878635434680085,0.07290922087205147
PIK3CB c.1408G>A,0.0059739034742964945,0.03136168691922802
JAK1 c.715C>T,0.0,0.000268048606147248
INPP4A c.1657C>T,0.002672535764816853,0.04315582558970693
MTOR c.479G>A,0.009904103128438925,0.1010543245175125
KMT2C c.6196C>T,0.05596604307498821,0.2743030736240172
PIK3CB c.3151G>A,0.0007860399308284861,0.00312723373838456
WHSC1L1 c.1558G>A,0.0015720798616569722,0.02037169406719085
PREX2 c.1063G>A,0.003615783681811036,0.039045746962115796
PREX2 c.4754G>A,0.004716239584970917,0.029038598999285202
PRDM14 c.1063G>T,0.0,0.00017869907076483203
AGO2 c.2318G>A,0.006602735418959283,0.04664045746962116
AGO2 c.313C>T,0.008960855211444742,0.10596854896354539
PIK3CA c.2702G>T,0.0056594875019651,0.052269478198713366
PTPRD c.349C>T,0.020122622229209245,0.1535025017869907
CDKN2B c.91C>T,0.0,0.00044674767691208004
SPEN c.4624C>T,0.01524917465807263,0.15260900643316655
EGFR c.2582T>G,0.17450086464392392,2.0142959256611865
KRAS c.35G>A,0.0023581197924854584,0.04476411722659042
NF1_1 c.1318C>T,0.044489860084892315,0.34292351679771266
BCOR c.2859A>T,0.007074359377456375,0.06245532523230879
PTEN c.892C>T,0.018864958339883667,0.19451393852751966
RB1 c.1735C>T,0.0007860399308284861,0.008130807719799857
PDGFRA c.2465G>A,0.01823612639522088,0.17878842030021444
IRS1 c.1791dup,0.0006288319446627889,0.0037526804860614723
STAG2 c.1814del,0.029083477440653985,0.26697641172265907
CD79B c.302A>G,0.0,0.00044674767691208004
BRCA1 c.3644A>G,0.0051878635434680085,0.035739814152966405
PIK3R2 c.431C>G,0.012576638893255778,0.11803073624017155
ERBB3 c.2785C>T,0.0007860399308284861,0.011794138670478913
FYN c.229C>T,0.018864958339883667,0.2137240886347391
GRIN2A c.3200G>A,0.00047162395849709165,0.005360972122944961
TP53 c.322G>A,0.0075459833359534665,0.11928162973552538
NUP93 c.1967C>T,0.014934758685741236,0.16484989278055753
BRCA1 c.1789G>A,0.003615783681811036,0.03556111508220157
EPHB1 c.1123G>A,0.0025153277786511556,0.01697641172265904
PIK3CA c.1258T>C,0.007703191322119164,0.07567905646890637
PLCG2 c.2263G>A,0.00047162395849709165,0.018316654753395282
TP53 c.68G>A,0.005502279515799403,0.05584345961401001
CSF3R c.1316C>T,0.002043703820154064,0.014742673338098642
PIK3CD c.898C>T,0.0,0.01652966404574696
JAK3 c.62C>T,0.0007860399308284861,0.008130807719799857
ATRX c.1079_1082del,0.013677094796415658,0.14135096497498212
MED12 c.245G>A,0.012262222920924383,0.08774124374553252
ARID2 c.3493C>T,0.013677094796415658,0.09873123659756969
MSH2 c.1300G>A,0.001414871875491275,0.013581129378127233
SPEN c.8755G>A,0.0025153277786511556,0.014027877055039314
MAP3K1 c.746G>A,0.013362678824084264,0.17038956397426733
POLE c.5554C>T,0.006288319446627889,0.08497140814867762
RPS6KB2 c.359G>A,0.011947806948592989,0.11320586132952108
DROSHA c.2768G>A,0.0017292878478226694,0.024481772694781988
DROSHA c.3598G>A,0.009904103128438925,0.0703180843459614
POLE c.3614C>T,0.004244615626473825,0.013134381701215154
ALK c.3542G>A,0.0009432479169941833,0.008130807719799857
POLE c.1277C>T,0.00282974375098255,0.03270192994996426
FAT1 c.4880G>A,0.003930199654142431,0.023141529664045746
RFWD2 c.1847C>T,0.009432479169941834,0.0608470335954253
REL c.938G>A,0.011633390976261595,0.0030378842030021444
EP300 c.4586G>A,0.01587800660273542,0.23758041458184417
ASXL2 c.4157C>T,0.0113189750039302,0.06879914224446033
EGFR c.1994G>A,0.1190064455274328,0.9914224446032881
CDKN2A c.387C>G,0.0,0.0008934953538241601
ERF c.536G>A,0.002672535764816853,0.02573266619013581
ARID1A c.2098G>A,0.0023581197924854584,0.012955682630450322
PIK3C2G c.3896G>T,0.0,0.0
CARD11 c.1145C>T,0.0006288319446627889,0.012240886347390994
MUTYH c.1145G>A,0.0029869517371482472,0.031093638313080773
FLT4 c.640G>A,0.0,0.0007147962830593281
ESR1 c.1082C>T,0.0,0.0008934953538241601
FAT1 c.9242C>T,0.017450086464392393,0.15368120085775555
TSC2 c.5228G>A,0.0023581197924854584,0.015993566833452467
PIK3R1 c.1558_1561del,0.029240685426819683,0.4212830593280915
EP300 c.4933C>T,0.025310485772677253,0.20067905646890635
EPHB1 c.1910G>A,0.00031441597233139445,0.012240886347390994
ATRX c.1147dup,0.029240685426819683,0.18441744102930666
PLCG2 c.1661C>T,0.0009432479169941833,0.015368120085775554
FBXW7 c.1762G>T,0.00282974375098255,0.03386347390993567
TP53 0bp_0,0.022952365980191795,0.261168691922802
PTEN 0bp_0,0.010690143059267411,0.1110614724803431
EGFR 0bp_0,0.39270554944191166,3.280021443888492
PIK3CA 0bp_0,0.0037729916679767332,0.031093638313080773
PTPN11 0bp,0.017135670492061,0.20612937812723373
PIK3R1 0bp,0.03301367709479642,0.2674231593995711
SPEN 0bp,0.048420059739034745,0.45612937812723375
NF1_0 0bp,0.03647225279044176,0.37312365975696926
FAT1 0bp_0,0.019650998270712153,0.15251965689778413
EGFR VIII,0.0022009118063197612,0.029038598999285202
